country_code,country_name,indicator,year,value
ZAF,South Africa,gdp_growth,2025,
ZAF,South Africa,gdp_growth,2024,0.534843531905139
ZAF,South Africa,gdp_growth,2023,0.80610455095804
ZAF,South Africa,gdp_growth,2022,2.05813661692193
ZAF,South Africa,gdp_growth,2021,4.85864865060148
ZAF,South Africa,gdp_growth,2020,-6.1689177146757
ZAF,South Africa,gdp_growth,2019,0.25993557687633
ZAF,South Africa,gdp_growth,2018,1.55678384721676
ZAF,South Africa,gdp_growth,2017,1.15794695181735
ZAF,South Africa,gdp_growth,2016,0.664552307858116
ZAF,South Africa,gdp_growth,2015,1.32186223678229
ZAF,South Africa,gdp_growth,2014,1.41382645223793
ZAF,South Africa,gdp_growth,2013,2.48546800826588
ZAF,South Africa,gdp_growth,2012,2.39623238465745
ZAF,South Africa,gdp_growth,2011,3.16855627858818
ZAF,South Africa,gdp_growth,2010,3.03973288127956
ZAF,South Africa,gdp_growth,2009,-1.53808913525583
ZAF,South Africa,gdp_growth,2008,3.1910438863288
ZAF,South Africa,gdp_growth,2007,5.36047405394162
ZAF,South Africa,gdp_growth,2006,5.60380645895889
ZAF,South Africa,gdp_growth,2005,5.27705197295467
ZAF,South Africa,gdp_growth,2004,4.55455990721774
ZAF,South Africa,gdp_growth,2003,2.94907546754213
ZAF,South Africa,gdp_growth,2002,3.70037440406668
ZAF,South Africa,gdp_growth,2001,2.70000000019104
ZAF,South Africa,gdp_growth,2000,4.20000000067826
ZAF,South Africa,gdp_growth,1999,2.39999999746338
ZAF,South Africa,gdp_growth,1998,0.50000000034143
ZAF,South Africa,gdp_growth,1997,2.60000000146347
ZAF,South Africa,gdp_growth,1996,4.29999999726792
ZAF,South Africa,gdp_growth,1995,3.10000000054411
ZAF,South Africa,gdp_growth,1994,3.20000000297172
ZAF,South Africa,gdp_growth,1993,1.23355793864741
ZAF,South Africa,gdp_growth,1992,-2.13703284500521
ZAF,South Africa,gdp_growth,1991,-1.0182449675445
ZAF,South Africa,gdp_growth,1990,-0.317760426540374
ZAF,South Africa,gdp_growth,1989,2.39479511538406
ZAF,South Africa,gdp_growth,1988,4.20010964838187
ZAF,South Africa,gdp_growth,1987,2.10072902053675
ZAF,South Africa,gdp_growth,1986,0.0178492401652193
ZAF,South Africa,gdp_growth,1985,-1.21154088240387
ZAF,South Africa,gdp_growth,1984,5.09915163001477
ZAF,South Africa,gdp_growth,1983,-1.84655774595063
ZAF,South Africa,gdp_growth,1982,-0.383419108375435
ZAF,South Africa,gdp_growth,1981,5.36079105964045
ZAF,South Africa,gdp_growth,1980,6.62058342724157
ZAF,South Africa,gdp_growth,1979,3.79051926405782
ZAF,South Africa,gdp_growth,1978,3.01447977912923
ZAF,South Africa,gdp_growth,1977,-0.0939791161255812
ZAF,South Africa,gdp_growth,1976,2.24986032919334
ZAF,South Africa,gdp_growth,1975,1.69543377931099
ZAF,South Africa,gdp_growth,1974,6.11112210372188
ZAF,South Africa,gdp_growth,1973,4.57194474637271
ZAF,South Africa,gdp_growth,1972,1.65482970884699
ZAF,South Africa,gdp_growth,1971,4.27893440296982
ZAF,South Africa,gdp_growth,1970,5.24866143118292
ZAF,South Africa,gdp_growth,1969,4.71590286722241
ZAF,South Africa,gdp_growth,1968,4.15337298293346
ZAF,South Africa,gdp_growth,1967,7.19652306514106
ZAF,South Africa,gdp_growth,1966,4.43838608946889
ZAF,South Africa,gdp_growth,1965,6.12279809601442
ZAF,South Africa,gdp_growth,1964,7.93960864480677
ZAF,South Africa,gdp_growth,1963,7.37370924877223
ZAF,South Africa,gdp_growth,1962,6.17793085042746
ZAF,South Africa,gdp_growth,1961,3.84473414174089
ZAF,South Africa,gdp_growth,1960,
ZAF,South Africa,inflation,2025,
ZAF,South Africa,inflation,2024,4.36115246518962
ZAF,South Africa,inflation,2023,6.0752438457966
ZAF,South Africa,inflation,2022,7.03987272546482
ZAF,South Africa,inflation,2021,4.61874544887136
ZAF,South Africa,inflation,2020,3.23238831615113
ZAF,South Africa,inflation,2019,4.10285075461156
ZAF,South Africa,inflation,2018,4.50987264867388
ZAF,South Africa,inflation,2017,5.18618655524149
ZAF,South Africa,inflation,2016,6.60290842394872
ZAF,South Africa,inflation,2015,4.51869094892506
ZAF,South Africa,inflation,2014,6.13282953059149
ZAF,South Africa,inflation,2013,5.78016910069176
ZAF,South Africa,inflation,2012,5.73797139141739
ZAF,South Africa,inflation,2011,5.0008533879502
ZAF,South Africa,inflation,2010,4.06749555950263
ZAF,South Africa,inflation,2009,7.23809523809527
ZAF,South Africa,inflation,2008,9.90998456005467
ZAF,South Africa,inflation,2007,6.17781214809388
ZAF,South Africa,inflation,2006,3.2439076541923
ZAF,South Africa,inflation,2005,2.06285308223427
ZAF,South Africa,inflation,2004,-0.692039437857687
ZAF,South Africa,inflation,2003,5.67942414068799
ZAF,South Africa,inflation,2002,9.494713780996
ZAF,South Africa,inflation,2001,5.70189483049608
ZAF,South Africa,inflation,2000,5.33895913599828
ZAF,South Africa,inflation,1999,5.18148905111697
ZAF,South Africa,inflation,1998,6.88054521037351
ZAF,South Africa,inflation,1997,8.59777611252274
ZAF,South Africa,inflation,1996,7.35411972085333
ZAF,South Africa,inflation,1995,8.68042421392631
ZAF,South Africa,inflation,1994,8.938563723594
ZAF,South Africa,inflation,1993,9.71742729803028
ZAF,South Africa,inflation,1992,13.874703748615
ZAF,South Africa,inflation,1991,15.3347785733672
ZAF,South Africa,inflation,1990,14.3209918914915
ZAF,South Africa,inflation,1989,14.7308753982381
ZAF,South Africa,inflation,1988,12.779553083028
ZAF,South Africa,inflation,1987,16.1605948546791
ZAF,South Africa,inflation,1986,18.6549230388755
ZAF,South Africa,inflation,1985,16.2942252426421
ZAF,South Africa,inflation,1984,11.526481434496
ZAF,South Africa,inflation,1983,12.3032053006006
ZAF,South Africa,inflation,1982,14.6390405853128
ZAF,South Africa,inflation,1981,15.2542337674194
ZAF,South Africa,inflation,1980,13.6602404681115
ZAF,South Africa,inflation,1979,13.2936624628059
ZAF,South Africa,inflation,1978,11.1356088829565
ZAF,South Africa,inflation,1977,11.15195783193
ZAF,South Africa,inflation,1976,11.0204105892452
ZAF,South Africa,inflation,1975,13.4259248530376
ZAF,South Africa,inflation,1974,11.7241315190611
ZAF,South Africa,inflation,1973,9.43398376978394
ZAF,South Africa,inflation,1972,6.42567638879175
ZAF,South Africa,inflation,1971,5.95742085213486
ZAF,South Africa,inflation,1970,4.99192455435617
ZAF,South Africa,inflation,1969,3.23821721585667
ZAF,South Africa,inflation,1968,1.98613362103222
ZAF,South Africa,inflation,1967,3.53896580236233
ZAF,South Africa,inflation,1966,3.48923715385175
ZAF,South Africa,inflation,1965,4.06901853294584
ZAF,South Africa,inflation,1964,2.53498854234898
ZAF,South Africa,inflation,1963,1.33797064490693
ZAF,South Africa,inflation,1962,1.24627519965495
ZAF,South Africa,inflation,1961,2.10235059955978
ZAF,South Africa,inflation,1960,1.28887692687992
ZAF,South Africa,debt_to_gdp,2025,
ZAF,South Africa,debt_to_gdp,2024,
ZAF,South Africa,debt_to_gdp,2023,79.446907709916
ZAF,South Africa,debt_to_gdp,2022,76.2054429487374
ZAF,South Africa,debt_to_gdp,2021,74.0826080100226
ZAF,South Africa,debt_to_gdp,2020,75.7255090818801
ZAF,South Africa,debt_to_gdp,2019,64.589278136337
ZAF,South Africa,debt_to_gdp,2018,59.1023114125426
ZAF,South Africa,debt_to_gdp,2017,56.2597208339946
ZAF,South Africa,debt_to_gdp,2016,53.7387913927398
ZAF,South Africa,debt_to_gdp,2015,52.651157246849
ZAF,South Africa,debt_to_gdp,2014,
ZAF,South Africa,debt_to_gdp,2013,
ZAF,South Africa,debt_to_gdp,2012,
ZAF,South Africa,debt_to_gdp,2011,
ZAF,South Africa,debt_to_gdp,2010,
ZAF,South Africa,debt_to_gdp,2009,
ZAF,South Africa,debt_to_gdp,2008,
ZAF,South Africa,debt_to_gdp,2007,
ZAF,South Africa,debt_to_gdp,2006,
ZAF,South Africa,debt_to_gdp,2005,
ZAF,South Africa,debt_to_gdp,2004,
ZAF,South Africa,debt_to_gdp,2003,
ZAF,South Africa,debt_to_gdp,2002,
ZAF,South Africa,debt_to_gdp,2001,
ZAF,South Africa,debt_to_gdp,2000,39.6390583837328
ZAF,South Africa,debt_to_gdp,1999,42.1780316027359
ZAF,South Africa,debt_to_gdp,1998,44.6542617733798
ZAF,South Africa,debt_to_gdp,1997,43.1755459966558
ZAF,South Africa,debt_to_gdp,1996,44.2298759185659
ZAF,South Africa,debt_to_gdp,1995,44.8686189886337
ZAF,South Africa,debt_to_gdp,1994,44.8169697430772
ZAF,South Africa,debt_to_gdp,1993,39.9507720898509
ZAF,South Africa,debt_to_gdp,1992,36.9022310979407
ZAF,South Africa,debt_to_gdp,1991,33.9135908287352
ZAF,South Africa,debt_to_gdp,1990,32.3971949577925
ZAF,South Africa,debt_to_gdp,1989,
ZAF,South Africa,debt_to_gdp,1988,
ZAF,South Africa,debt_to_gdp,1987,
ZAF,South Africa,debt_to_gdp,1986,
ZAF,South Africa,debt_to_gdp,1985,
ZAF,South Africa,debt_to_gdp,1984,
ZAF,South Africa,debt_to_gdp,1983,
ZAF,South Africa,debt_to_gdp,1982,
ZAF,South Africa,debt_to_gdp,1981,
ZAF,South Africa,debt_to_gdp,1980,
ZAF,South Africa,debt_to_gdp,1979,
ZAF,South Africa,debt_to_gdp,1978,
ZAF,South Africa,debt_to_gdp,1977,
ZAF,South Africa,debt_to_gdp,1976,
ZAF,South Africa,debt_to_gdp,1975,
ZAF,South Africa,debt_to_gdp,1974,
ZAF,South Africa,debt_to_gdp,1973,
ZAF,South Africa,debt_to_gdp,1972,
ZAF,South Africa,debt_to_gdp,1971,
ZAF,South Africa,debt_to_gdp,1970,
ZAF,South Africa,debt_to_gdp,1969,
ZAF,South Africa,debt_to_gdp,1968,
ZAF,South Africa,debt_to_gdp,1967,
ZAF,South Africa,debt_to_gdp,1966,
ZAF,South Africa,debt_to_gdp,1965,
ZAF,South Africa,debt_to_gdp,1964,
ZAF,South Africa,debt_to_gdp,1963,
ZAF,South Africa,debt_to_gdp,1962,
ZAF,South Africa,debt_to_gdp,1961,
ZAF,South Africa,debt_to_gdp,1960,
ZAF,South Africa,exports_to_gdp,2025,
ZAF,South Africa,exports_to_gdp,2024,31.7919070646303
ZAF,South Africa,exports_to_gdp,2023,33.2538127556816
ZAF,South Africa,exports_to_gdp,2022,33.5394403164272
ZAF,South Africa,exports_to_gdp,2021,31.1916105051608
ZAF,South Africa,exports_to_gdp,2020,27.5759141603963
ZAF,South Africa,exports_to_gdp,2019,27.2021294051151
ZAF,South Africa,exports_to_gdp,2018,27.4970371508423
ZAF,South Africa,exports_to_gdp,2017,27.3400757812216
ZAF,South Africa,exports_to_gdp,2016,28.1560881698955
ZAF,South Africa,exports_to_gdp,2015,27.7136384124829
ZAF,South Africa,exports_to_gdp,2014,29.0006193033471
ZAF,South Africa,exports_to_gdp,2013,28.379280320361
ZAF,South Africa,exports_to_gdp,2012,27.1391491937679
ZAF,South Africa,exports_to_gdp,2011,27.6981484703752
ZAF,South Africa,exports_to_gdp,2010,25.7834176267221
ZAF,South Africa,exports_to_gdp,2009,24.9827464883237
ZAF,South Africa,exports_to_gdp,2008,32.2546736710677
ZAF,South Africa,exports_to_gdp,2007,27.958964394702
ZAF,South Africa,exports_to_gdp,2006,26.098249881712
ZAF,South Africa,exports_to_gdp,2005,23.5997644915436
ZAF,South Africa,exports_to_gdp,2004,22.7575187856654
ZAF,South Africa,exports_to_gdp,2003,23.9152733614034
ZAF,South Africa,exports_to_gdp,2002,28.4311672176802
ZAF,South Africa,exports_to_gdp,2001,26.3566606345688
ZAF,South Africa,exports_to_gdp,2000,24.4043033106919
ZAF,South Africa,exports_to_gdp,1999,22.2692159746602
ZAF,South Africa,exports_to_gdp,1998,22.5192718175416
ZAF,South Africa,exports_to_gdp,1997,21.6605918552042
ZAF,South Africa,exports_to_gdp,1996,21.7747432189724
ZAF,South Africa,exports_to_gdp,1995,20.0378606077754
ZAF,South Africa,exports_to_gdp,1994,19.549337805111
ZAF,South Africa,exports_to_gdp,1993,19.914366630953
ZAF,South Africa,exports_to_gdp,1992,18.9551466044412
ZAF,South Africa,exports_to_gdp,1991,19.3408153425832
ZAF,South Africa,exports_to_gdp,1990,21.5385417337418
ZAF,South Africa,exports_to_gdp,1989,23.7068402759399
ZAF,South Africa,exports_to_gdp,1988,25.8024942044435
ZAF,South Africa,exports_to_gdp,1987,26.8913762401425
ZAF,South Africa,exports_to_gdp,1986,27.2476702979394
ZAF,South Africa,exports_to_gdp,1985,27.9028811282273
ZAF,South Africa,exports_to_gdp,1984,22.4987420831104
ZAF,South Africa,exports_to_gdp,1983,21.7678506451703
ZAF,South Africa,exports_to_gdp,1982,23.387580942579
ZAF,South Africa,exports_to_gdp,1981,25.2033912820074
ZAF,South Africa,exports_to_gdp,1980,31.8709881241294
ZAF,South Africa,exports_to_gdp,1979,31.2434061793519
ZAF,South Africa,exports_to_gdp,1978,28.4249933149122
ZAF,South Africa,exports_to_gdp,1977,26.2837426425817
ZAF,South Africa,exports_to_gdp,1976,23.9135902523545
ZAF,South Africa,exports_to_gdp,1975,23.8449416955563
ZAF,South Africa,exports_to_gdp,1974,24.1546065497991
ZAF,South Africa,exports_to_gdp,1973,21.6869557683143
ZAF,South Africa,exports_to_gdp,1972,21.4581343521172
ZAF,South Africa,exports_to_gdp,1971,18.4782608695652
ZAF,South Africa,exports_to_gdp,1970,18.4019530219055
ZAF,South Africa,exports_to_gdp,1969,20.0436205016358
ZAF,South Africa,exports_to_gdp,1968,21.9587965990844
ZAF,South Africa,exports_to_gdp,1967,21.3963366073799
ZAF,South Africa,exports_to_gdp,1966,21.9781302334745
ZAF,South Africa,exports_to_gdp,1965,22.2924477771826
ZAF,South Africa,exports_to_gdp,1964,23.8056206088993
ZAF,South Africa,exports_to_gdp,1963,24.8419966464594
ZAF,South Africa,exports_to_gdp,1962,25.4636233951498
ZAF,South Africa,exports_to_gdp,1961,25.3414264036419
ZAF,South Africa,exports_to_gdp,1960,25.5880940950552
ZAF,South Africa,imports_to_gdp,2025,
ZAF,South Africa,imports_to_gdp,2024,29.8548634083947
ZAF,South Africa,imports_to_gdp,2023,32.4260632183892
ZAF,South Africa,imports_to_gdp,2022,31.4076940859128
ZAF,South Africa,imports_to_gdp,2021,24.9731031225938
ZAF,South Africa,imports_to_gdp,2020,23.1837449200214
ZAF,South Africa,imports_to_gdp,2019,26.6958670030255
ZAF,South Africa,imports_to_gdp,2018,26.9885079767917
ZAF,South Africa,imports_to_gdp,2017,26.1958560481525
ZAF,South Africa,imports_to_gdp,2016,27.7051693349827
ZAF,South Africa,imports_to_gdp,2015,29.0130377322327
ZAF,South Africa,imports_to_gdp,2014,30.4989547517121
ZAF,South Africa,imports_to_gdp,2013,30.4957473096901
ZAF,South Africa,imports_to_gdp,2012,28.4434679995666
ZAF,South Africa,imports_to_gdp,2011,26.9382019655219
ZAF,South Africa,imports_to_gdp,2010,24.6226695358778
ZAF,South Africa,imports_to_gdp,2009,24.6047888395564
ZAF,South Africa,imports_to_gdp,2008,33.7198501285556
ZAF,South Africa,imports_to_gdp,2007,29.166174743045
ZAF,South Africa,imports_to_gdp,2006,27.6698913924026
ZAF,South Africa,imports_to_gdp,2005,23.8280169054893
ZAF,South Africa,imports_to_gdp,2004,22.8860564383387
ZAF,South Africa,imports_to_gdp,2003,21.8085892075755
ZAF,South Africa,imports_to_gdp,2002,25.0343344117566
ZAF,South Africa,imports_to_gdp,2001,22.8142845512603
ZAF,South Africa,imports_to_gdp,2000,21.8164184247158
ZAF,South Africa,imports_to_gdp,1999,19.9890800426071
ZAF,South Africa,imports_to_gdp,1998,21.5164735193548
ZAF,South Africa,imports_to_gdp,1997,20.6407425739789
ZAF,South Africa,imports_to_gdp,1996,20.4245085135556
ZAF,South Africa,imports_to_gdp,1995,19.4401731715272
ZAF,South Africa,imports_to_gdp,1994,17.5652713615169
ZAF,South Africa,imports_to_gdp,1993,15.7837577150899
ZAF,South Africa,imports_to_gdp,1992,15.3662068949062
ZAF,South Africa,imports_to_gdp,1991,15.5407939143944
ZAF,South Africa,imports_to_gdp,1990,16.6732591904381
ZAF,South Africa,imports_to_gdp,1989,18.9929250692496
ZAF,South Africa,imports_to_gdp,1988,20.0488180449092
ZAF,South Africa,imports_to_gdp,1987,18.0798778936657
ZAF,South Africa,imports_to_gdp,1986,19.4012576214965
ZAF,South Africa,imports_to_gdp,1985,20.0453852525773
ZAF,South Africa,imports_to_gdp,1984,20.8941992061147
ZAF,South Africa,imports_to_gdp,1983,18.4883514802064
ZAF,South Africa,imports_to_gdp,1982,23.7542347442
ZAF,South Africa,imports_to_gdp,1981,26.9895643450495
ZAF,South Africa,imports_to_gdp,1980,24.636328388644
ZAF,South Africa,imports_to_gdp,1979,22.8636021100226
ZAF,South Africa,imports_to_gdp,1978,22.52651751493
ZAF,South Africa,imports_to_gdp,1977,21.927643596509
ZAF,South Africa,imports_to_gdp,1976,24.9671631780454
ZAF,South Africa,imports_to_gdp,1975,25.9691144027734
ZAF,South Africa,imports_to_gdp,1974,24.6417523023859
ZAF,South Africa,imports_to_gdp,1973,19.4645410042022
ZAF,South Africa,imports_to_gdp,1972,19.3144433832113
ZAF,South Africa,imports_to_gdp,1971,22.0198279980889
ZAF,South Africa,imports_to_gdp,1970,21.3842702560042
ZAF,South Africa,imports_to_gdp,1969,19.5783351508542
ZAF,South Africa,imports_to_gdp,1968,19.3345323741007
ZAF,South Africa,imports_to_gdp,1967,21.0954782762587
ZAF,South Africa,imports_to_gdp,1966,20.1162447049552
ZAF,South Africa,imports_to_gdp,1965,23.2244242099625
ZAF,South Africa,imports_to_gdp,1964,22.1428571428571
ZAF,South Africa,imports_to_gdp,1963,20.1341416225977
ZAF,South Africa,imports_to_gdp,1962,17.888730385164
ZAF,South Africa,imports_to_gdp,1961,18.4066767830046
ZAF,South Africa,imports_to_gdp,1960,21.2674027844455
ZAF,South Africa,fdi_pct_gdp,2025,
ZAF,South Africa,fdi_pct_gdp,2024,0.580891709673066
ZAF,South Africa,fdi_pct_gdp,2023,1.0127377916456
ZAF,South Africa,fdi_pct_gdp,2022,2.26670277731613
ZAF,South Africa,fdi_pct_gdp,2021,9.68098022663018
ZAF,South Africa,fdi_pct_gdp,2020,0.933073684352391
ZAF,South Africa,fdi_pct_gdp,2019,1.31407752293306
ZAF,South Africa,fdi_pct_gdp,2018,1.3742911715346
ZAF,South Africa,fdi_pct_gdp,2017,0.539673956759456
ZAF,South Africa,fdi_pct_gdp,2016,0.684612553455795
ZAF,South Africa,fdi_pct_gdp,2015,0.438735792056356
ZAF,South Africa,fdi_pct_gdp,2014,1.51932743753979
ZAF,South Africa,fdi_pct_gdp,2013,2.05358095229684
ZAF,South Africa,fdi_pct_gdp,2012,1.06492249485696
ZAF,South Africa,fdi_pct_gdp,2011,0.903381424332556
ZAF,South Africa,fdi_pct_gdp,2010,0.884904611686012
ZAF,South Africa,fdi_pct_gdp,2009,2.31217470344994
ZAF,South Africa,fdi_pct_gdp,2008,3.12686614310453
ZAF,South Africa,fdi_pct_gdp,2007,1.97755772219349
ZAF,South Africa,fdi_pct_gdp,2006,0.205125538574008
ZAF,South Africa,fdi_pct_gdp,2005,2.25781874505445
ZAF,South Africa,fdi_pct_gdp,2004,0.274199790569949
ZAF,South Africa,fdi_pct_gdp,2003,0.397492744432543
ZAF,South Africa,fdi_pct_gdp,2002,1.14635726911695
ZAF,South Africa,fdi_pct_gdp,2001,5.36834529785161
ZAF,South Africa,fdi_pct_gdp,2000,0.638427514423676
ZAF,South Africa,fdi_pct_gdp,1999,0.992187596290552
ZAF,South Africa,fdi_pct_gdp,1998,0.359738435986599
ZAF,South Africa,fdi_pct_gdp,1997,2.25505250994968
ZAF,South Africa,fdi_pct_gdp,1996,0.500131495666207
ZAF,South Africa,fdi_pct_gdp,1995,0.72694450392697
ZAF,South Africa,fdi_pct_gdp,1994,0.24389539814991
ZAF,South Africa,fdi_pct_gdp,1993,0.00767048159682976
ZAF,South Africa,fdi_pct_gdp,1992,0.00228504771765059
ZAF,South Africa,fdi_pct_gdp,1991,0.187963513611018
ZAF,South Africa,fdi_pct_gdp,1990,-0.0600742002495873
ZAF,South Africa,fdi_pct_gdp,1989,-0.186208198144161
ZAF,South Africa,fdi_pct_gdp,1988,0.152377367726155
ZAF,South Africa,fdi_pct_gdp,1987,-0.198546075632057
ZAF,South Africa,fdi_pct_gdp,1986,-0.0688258892123962
ZAF,South Africa,fdi_pct_gdp,1985,-0.702215388638934
ZAF,South Africa,fdi_pct_gdp,1984,0.494284426190229
ZAF,South Africa,fdi_pct_gdp,1983,0.0736974743657925
ZAF,South Africa,fdi_pct_gdp,1982,0.383800264903532
ZAF,South Africa,fdi_pct_gdp,1981,0.069786313754756
ZAF,South Africa,fdi_pct_gdp,1980,-0.0115197239973003
ZAF,South Africa,fdi_pct_gdp,1979,-0.768651092662183
ZAF,South Africa,fdi_pct_gdp,1978,-0.21169444692039
ZAF,South Africa,fdi_pct_gdp,1977,-0.268926324335279
ZAF,South Africa,fdi_pct_gdp,1976,0.0447139703210994
ZAF,South Africa,fdi_pct_gdp,1975,0.438071225969157
ZAF,South Africa,fdi_pct_gdp,1974,1.68189737936919
ZAF,South Africa,fdi_pct_gdp,1973,0.0823116579300609
ZAF,South Africa,fdi_pct_gdp,1972,0.466954736097573
ZAF,South Africa,fdi_pct_gdp,1971,1.11084567606293
ZAF,South Africa,fdi_pct_gdp,1970,1.5769332277648
ZAF,South Africa,fdi_pct_gdp,1969,
ZAF,South Africa,fdi_pct_gdp,1968,
ZAF,South Africa,fdi_pct_gdp,1967,
ZAF,South Africa,fdi_pct_gdp,1966,
ZAF,South Africa,fdi_pct_gdp,1965,
ZAF,South Africa,fdi_pct_gdp,1964,
ZAF,South Africa,fdi_pct_gdp,1963,
ZAF,South Africa,fdi_pct_gdp,1962,
ZAF,South Africa,fdi_pct_gdp,1961,
ZAF,South Africa,fdi_pct_gdp,1960,
ZAF,South Africa,real_interest_rate,2025,
ZAF,South Africa,real_interest_rate,2024,7.41753982186412
ZAF,South Africa,real_interest_rate,2023,6.47206699043374
ZAF,South Africa,real_interest_rate,2022,3.37387624023208
ZAF,South Africa,real_interest_rate,2021,0.59508785972345
ZAF,South Africa,real_interest_rate,2020,2.19841383909371
ZAF,South Africa,real_interest_rate,2019,5.26841565254553
ZAF,South Africa,real_interest_rate,2018,5.85618355804149
ZAF,South Africa,real_interest_rate,2017,4.64731548547952
ZAF,South Africa,real_interest_rate,2016,3.27825167845193
ZAF,South Africa,real_interest_rate,2015,3.66774283297157
ZAF,South Africa,real_interest_rate,2014,3.56702763012509
ZAF,South Africa,real_interest_rate,2013,2.50924549715633
ZAF,South Africa,real_interest_rate,2012,3.88287299810937
ZAF,South Africa,real_interest_rate,2011,3.27930122317635
ZAF,South Africa,real_interest_rate,2010,3.49095978979672
ZAF,South Africa,real_interest_rate,2009,2.80250897674705
ZAF,South Africa,real_interest_rate,2008,6.74515150291692
ZAF,South Africa,real_interest_rate,2007,4.54604566856025
ZAF,South Africa,real_interest_rate,2006,4.8103022796052
ZAF,South Africa,real_interest_rate,2005,4.76148920296545
ZAF,South Africa,real_interest_rate,2004,4.95038435886221
ZAF,South Africa,real_interest_rate,2003,8.04784838936569
ZAF,South Africa,real_interest_rate,2002,2.85418551575979
ZAF,South Africa,real_interest_rate,2001,5.53834143339361
ZAF,South Africa,real_interest_rate,2000,4.87058238653657
ZAF,South Africa,real_interest_rate,1999,10.3950669798212
ZAF,South Africa,real_interest_rate,1998,12.6910336213851
ZAF,South Africa,real_interest_rate,1997,10.9698989159021
ZAF,South Africa,real_interest_rate,1996,10.6448093668748
ZAF,South Africa,real_interest_rate,1995,6.36739524038955
ZAF,South Africa,real_interest_rate,1994,5.25546972667236
ZAF,South Africa,real_interest_rate,1993,2.46468782587434
ZAF,South Africa,real_interest_rate,1992,3.65413735758883
ZAF,South Africa,real_interest_rate,1991,4.02749326213876
ZAF,South Africa,real_interest_rate,1990,4.81141525707442
ZAF,South Africa,real_interest_rate,1989,2.35021610085894
ZAF,South Africa,real_interest_rate,1988,-0.0758087440880889
ZAF,South Africa,real_interest_rate,1987,-2.04446707410394
ZAF,South Africa,real_interest_rate,1986,-1.99176655710085
ZAF,South Africa,real_interest_rate,1985,4.61121837055306
ZAF,South Africa,real_interest_rate,1984,10.0609392633632
ZAF,South Africa,real_interest_rate,1983,-0.343774615182157
ZAF,South Africa,real_interest_rate,1982,4.1724335866739
ZAF,South Africa,real_interest_rate,1981,2.32802852986955
ZAF,South Africa,real_interest_rate,1980,-11.00901069391
ZAF,South Africa,real_interest_rate,1979,-3.47638137258392
ZAF,South Africa,real_interest_rate,1978,1.45165582025523
ZAF,South Africa,real_interest_rate,1977,2.0348155177755
ZAF,South Africa,real_interest_rate,1976,1.77530130523867
ZAF,South Africa,real_interest_rate,1975,0.763317780794167
ZAF,South Africa,real_interest_rate,1974,-4.05071982393646
ZAF,South Africa,real_interest_rate,1973,-7.79257893924746
ZAF,South Africa,real_interest_rate,1972,-1.74296022958178
ZAF,South Africa,real_interest_rate,1971,2.7268323943752
ZAF,South Africa,real_interest_rate,1970,3.32038734416104
ZAF,South Africa,real_interest_rate,1969,0.571117250571696
ZAF,South Africa,real_interest_rate,1968,4.24490738119758
ZAF,South Africa,real_interest_rate,1967,4.23187663472901
ZAF,South Africa,real_interest_rate,1966,3.24620817713342
ZAF,South Africa,real_interest_rate,1965,3.80007111536982
ZAF,South Africa,real_interest_rate,1964,3.66787862046603
ZAF,South Africa,real_interest_rate,1963,2.42327298268508
ZAF,South Africa,real_interest_rate,1962,6.01327427554114
ZAF,South Africa,real_interest_rate,1961,5.20015217014785
ZAF,South Africa,real_interest_rate,1960,
ZAF,South Africa,unemployment,2025,32.391
ZAF,South Africa,unemployment,2024,32.279
ZAF,South Africa,unemployment,2023,32.098
ZAF,South Africa,unemployment,2022,33.268
ZAF,South Africa,unemployment,2021,34.007
ZAF,South Africa,unemployment,2020,29.217
ZAF,South Africa,unemployment,2019,28.468
ZAF,South Africa,unemployment,2018,26.906
ZAF,South Africa,unemployment,2017,27.035
ZAF,South Africa,unemployment,2016,26.536
ZAF,South Africa,unemployment,2015,25.149
ZAF,South Africa,unemployment,2014,24.89
ZAF,South Africa,unemployment,2013,24.561
ZAF,South Africa,unemployment,2012,24.727
ZAF,South Africa,unemployment,2011,24.639
ZAF,South Africa,unemployment,2010,24.683
ZAF,South Africa,unemployment,2009,23.523
ZAF,South Africa,unemployment,2008,22.407
ZAF,South Africa,unemployment,2007,22.26
ZAF,South Africa,unemployment,2006,22.304
ZAF,South Africa,unemployment,2005,22.472
ZAF,South Africa,unemployment,2004,22.567
ZAF,South Africa,unemployment,2003,22.679
ZAF,South Africa,unemployment,2002,22.579
ZAF,South Africa,unemployment,2001,22.652
ZAF,South Africa,unemployment,2000,22.788
ZAF,South Africa,unemployment,1999,22.884
ZAF,South Africa,unemployment,1998,22.739
ZAF,South Africa,unemployment,1997,22.549
ZAF,South Africa,unemployment,1996,22.5
ZAF,South Africa,unemployment,1995,22.705
ZAF,South Africa,unemployment,1994,23.067
ZAF,South Africa,unemployment,1993,23.361
ZAF,South Africa,unemployment,1992,23.463
ZAF,South Africa,unemployment,1991,23.137
ZAF,South Africa,unemployment,1990,
ZAF,South Africa,unemployment,1989,
ZAF,South Africa,unemployment,1988,
ZAF,South Africa,unemployment,1987,
ZAF,South Africa,unemployment,1986,
ZAF,South Africa,unemployment,1985,
ZAF,South Africa,unemployment,1984,
ZAF,South Africa,unemployment,1983,
ZAF,South Africa,unemployment,1982,
ZAF,South Africa,unemployment,1981,
ZAF,South Africa,unemployment,1980,
ZAF,South Africa,unemployment,1979,
ZAF,South Africa,unemployment,1978,
ZAF,South Africa,unemployment,1977,
ZAF,South Africa,unemployment,1976,
ZAF,South Africa,unemployment,1975,
ZAF,South Africa,unemployment,1974,
ZAF,South Africa,unemployment,1973,
ZAF,South Africa,unemployment,1972,
ZAF,South Africa,unemployment,1971,
ZAF,South Africa,unemployment,1970,
ZAF,South Africa,unemployment,1969,
ZAF,South Africa,unemployment,1968,
ZAF,South Africa,unemployment,1967,
ZAF,South Africa,unemployment,1966,
ZAF,South Africa,unemployment,1965,
ZAF,South Africa,unemployment,1964,
ZAF,South Africa,unemployment,1963,
ZAF,South Africa,unemployment,1962,
ZAF,South Africa,unemployment,1961,
ZAF,South Africa,unemployment,1960,
ZAF,South Africa,industry_value_added,2025,
ZAF,South Africa,industry_value_added,2024,24.3105308888817
ZAF,South Africa,industry_value_added,2023,24.5639655120651
ZAF,South Africa,industry_value_added,2022,24.9820287872223
ZAF,South Africa,industry_value_added,2021,24.9006017482132
ZAF,South Africa,industry_value_added,2020,23.3394384079582
ZAF,South Africa,industry_value_added,2019,23.6220152843652
ZAF,South Africa,industry_value_added,2018,23.5370608392744
ZAF,South Africa,industry_value_added,2017,23.6105564955695
ZAF,South Africa,industry_value_added,2016,23.7825372977493
ZAF,South Africa,industry_value_added,2015,23.7323079746326
ZAF,South Africa,industry_value_added,2014,24.3052820058227
ZAF,South Africa,industry_value_added,2013,24.5517417673484
ZAF,South Africa,industry_value_added,2012,24.4686002355753
ZAF,South Africa,industry_value_added,2011,24.8394911507999
ZAF,South Africa,industry_value_added,2010,25.3034630993363
ZAF,South Africa,industry_value_added,2009,25.7430761887593
ZAF,South Africa,industry_value_added,2008,26.9415561091344
ZAF,South Africa,industry_value_added,2007,25.2946183090828
ZAF,South Africa,industry_value_added,2006,24.8591176319147
ZAF,South Africa,industry_value_added,2005,26.0150792659507
ZAF,South Africa,industry_value_added,2004,26.3036366679746
ZAF,South Africa,industry_value_added,2003,26.8928680646111
ZAF,South Africa,industry_value_added,2002,28.5059160154765
ZAF,South Africa,industry_value_added,2001,28.531613122664
ZAF,South Africa,industry_value_added,2000,28.2297555130289
ZAF,South Africa,industry_value_added,1999,27.6656022125323
ZAF,South Africa,industry_value_added,1998,28.576366566325
ZAF,South Africa,industry_value_added,1997,29.2506309429667
ZAF,South Africa,industry_value_added,1996,29.8899862560641
ZAF,South Africa,industry_value_added,1995,30.9818655662995
ZAF,South Africa,industry_value_added,1994,31.230316330669
ZAF,South Africa,industry_value_added,1993,31.9307593029594
ZAF,South Africa,industry_value_added,1992,33.060858320151
ZAF,South Africa,industry_value_added,1991,34.4217067552365
ZAF,South Africa,industry_value_added,1990,35.6076007199649
ZAF,South Africa,industry_value_added,1989,35.7709204467263
ZAF,South Africa,industry_value_added,1988,36.3444844915986
ZAF,South Africa,industry_value_added,1987,36.6644619689646
ZAF,South Africa,industry_value_added,1986,38.1564032502476
ZAF,South Africa,industry_value_added,1985,37.8549203321755
ZAF,South Africa,industry_value_added,1984,37.9563442938494
ZAF,South Africa,industry_value_added,1983,39.3343969546841
ZAF,South Africa,industry_value_added,1982,39.096873793902
ZAF,South Africa,industry_value_added,1981,40.8372992084562
ZAF,South Africa,industry_value_added,1980,42.4027456668151
ZAF,South Africa,industry_value_added,1979,39.7532027128862
ZAF,South Africa,industry_value_added,1978,37.1044656386487
ZAF,South Africa,industry_value_added,1977,35.9727014410392
ZAF,South Africa,industry_value_added,1976,37.2467372774781
ZAF,South Africa,industry_value_added,1975,37.0406555310432
ZAF,South Africa,industry_value_added,1974,36.0487856914269
ZAF,South Africa,industry_value_added,1973,35.2770437118226
ZAF,South Africa,industry_value_added,1972,33.3810888252149
ZAF,South Africa,industry_value_added,1971,32.4593884376493
ZAF,South Africa,industry_value_added,1970,33.7556083399314
ZAF,South Africa,industry_value_added,1969,33.776808433297
ZAF,South Africa,industry_value_added,1968,33.4041857423152
ZAF,South Africa,industry_value_added,1967,33.3864259800018
ZAF,South Africa,industry_value_added,1966,34.765047778544
ZAF,South Africa,industry_value_added,1965,35.1687198714515
ZAF,South Africa,industry_value_added,1964,34.192037470726
ZAF,South Africa,industry_value_added,1963,33.2774409905843
ZAF,South Africa,industry_value_added,1962,32.8530670470756
ZAF,South Africa,industry_value_added,1961,32.7162367223065
ZAF,South Africa,industry_value_added,1960,32.4691950712114
ZAF,South Africa,electricity_access,2025,
ZAF,South Africa,electricity_access,2024,
ZAF,South Africa,electricity_access,2023,87.7
ZAF,South Africa,electricity_access,2022,86.5
ZAF,South Africa,electricity_access,2021,89.3
ZAF,South Africa,electricity_access,2020,90.0
ZAF,South Africa,electricity_access,2019,85.0
ZAF,South Africa,electricity_access,2018,84.7
ZAF,South Africa,electricity_access,2017,84.4
ZAF,South Africa,electricity_access,2016,83.9
ZAF,South Africa,electricity_access,2015,85.3
ZAF,South Africa,electricity_access,2014,85.9
ZAF,South Africa,electricity_access,2013,85.2
ZAF,South Africa,electricity_access,2012,85.2
ZAF,South Africa,electricity_access,2011,83.6
ZAF,South Africa,electricity_access,2010,82.8
ZAF,South Africa,electricity_access,2009,82.6
ZAF,South Africa,electricity_access,2008,81.9
ZAF,South Africa,electricity_access,2007,82.0
ZAF,South Africa,electricity_access,2006,80.7
ZAF,South Africa,electricity_access,2005,80.8
ZAF,South Africa,electricity_access,2004,80.6
ZAF,South Africa,electricity_access,2003,78.8
ZAF,South Africa,electricity_access,2002,76.7
ZAF,South Africa,electricity_access,2001,70.2
ZAF,South Africa,electricity_access,2000,72.4
ZAF,South Africa,electricity_access,1999,71.331787109375
ZAF,South Africa,electricity_access,1998,64.9
ZAF,South Africa,electricity_access,1997,69.4833526611328
ZAF,South Africa,electricity_access,1996,57.6
ZAF,South Africa,electricity_access,1995,
ZAF,South Africa,electricity_access,1994,
ZAF,South Africa,electricity_access,1993,
ZAF,South Africa,electricity_access,1992,
ZAF,South Africa,electricity_access,1991,
ZAF,South Africa,electricity_access,1990,
ZAF,South Africa,electricity_access,1989,
ZAF,South Africa,electricity_access,1988,
ZAF,South Africa,electricity_access,1987,
ZAF,South Africa,electricity_access,1986,
ZAF,South Africa,electricity_access,1985,
ZAF,South Africa,electricity_access,1984,
ZAF,South Africa,electricity_access,1983,
ZAF,South Africa,electricity_access,1982,
ZAF,South Africa,electricity_access,1981,
ZAF,South Africa,electricity_access,1980,
ZAF,South Africa,electricity_access,1979,
ZAF,South Africa,electricity_access,1978,
ZAF,South Africa,electricity_access,1977,
ZAF,South Africa,electricity_access,1976,
ZAF,South Africa,electricity_access,1975,
ZAF,South Africa,electricity_access,1974,
ZAF,South Africa,electricity_access,1973,
ZAF,South Africa,electricity_access,1972,
ZAF,South Africa,electricity_access,1971,
ZAF,South Africa,electricity_access,1970,
ZAF,South Africa,electricity_access,1969,
ZAF,South Africa,electricity_access,1968,
ZAF,South Africa,electricity_access,1967,
ZAF,South Africa,electricity_access,1966,
ZAF,South Africa,electricity_access,1965,
ZAF,South Africa,electricity_access,1964,
ZAF,South Africa,electricity_access,1963,
ZAF,South Africa,electricity_access,1962,
ZAF,South Africa,electricity_access,1961,
ZAF,South Africa,electricity_access,1960,
NGA,Nigeria,gdp_growth,2025,
NGA,Nigeria,gdp_growth,2024,4.06236408888319
NGA,Nigeria,gdp_growth,2023,3.32684556421316
NGA,Nigeria,gdp_growth,2022,4.31882949523192
NGA,Nigeria,gdp_growth,2021,1.10925253938163
NGA,Nigeria,gdp_growth,2020,-6.36889840510109
NGA,Nigeria,gdp_growth,2019,2.20842927714892
NGA,Nigeria,gdp_growth,2018,1.92275734200614
NGA,Nigeria,gdp_growth,2017,0.805886619102438
NGA,Nigeria,gdp_growth,2016,-1.61686894906509
NGA,Nigeria,gdp_growth,2015,2.65269329543001
NGA,Nigeria,gdp_growth,2014,6.30971865525431
NGA,Nigeria,gdp_growth,2013,6.67133539306167
NGA,Nigeria,gdp_growth,2012,4.23006117493223
NGA,Nigeria,gdp_growth,2011,5.30792420289453
NGA,Nigeria,gdp_growth,2010,8.00565591628701
NGA,Nigeria,gdp_growth,2009,8.03692510099023
NGA,Nigeria,gdp_growth,2008,6.76447277780228
NGA,Nigeria,gdp_growth,2007,6.59113036068679
NGA,Nigeria,gdp_growth,2006,6.05942803202906
NGA,Nigeria,gdp_growth,2005,6.43851652538348
NGA,Nigeria,gdp_growth,2004,9.2505582291798
NGA,Nigeria,gdp_growth,2003,7.34719496799492
NGA,Nigeria,gdp_growth,2002,15.3291557409559
NGA,Nigeria,gdp_growth,2001,5.91768464920371
NGA,Nigeria,gdp_growth,2000,5.01593475931152
NGA,Nigeria,gdp_growth,1999,0.584126892918889
NGA,Nigeria,gdp_growth,1998,2.58125410192937
NGA,Nigeria,gdp_growth,1997,2.93709941924898
NGA,Nigeria,gdp_growth,1996,4.19592404660108
NGA,Nigeria,gdp_growth,1995,-0.0726647639378371
NGA,Nigeria,gdp_growth,1994,-1.81492448525675
NGA,Nigeria,gdp_growth,1993,-2.03511877399139
NGA,Nigeria,gdp_growth,1992,4.63119294607692
NGA,Nigeria,gdp_growth,1991,0.358352601660286
NGA,Nigeria,gdp_growth,1990,11.7768859342067
NGA,Nigeria,gdp_growth,1989,1.91938129589555
NGA,Nigeria,gdp_growth,1988,7.33402548758716
NGA,Nigeria,gdp_growth,1987,3.20012546702944
NGA,Nigeria,gdp_growth,1986,0.0609452742066878
NGA,Nigeria,gdp_growth,1985,5.91302745911393
NGA,Nigeria,gdp_growth,1984,-1.11562321716821
NGA,Nigeria,gdp_growth,1983,-10.9240850339388
NGA,Nigeria,gdp_growth,1982,-6.80338881534801
NGA,Nigeria,gdp_growth,1981,-13.1278804850514
NGA,Nigeria,gdp_growth,1980,4.20483104427292
NGA,Nigeria,gdp_growth,1979,6.75943093519177
NGA,Nigeria,gdp_growth,1978,-5.76415839390282
NGA,Nigeria,gdp_growth,1977,6.02411784954168
NGA,Nigeria,gdp_growth,1976,9.04235172630207
NGA,Nigeria,gdp_growth,1975,-5.22774755532079
NGA,Nigeria,gdp_growth,1974,11.1606745454862
NGA,Nigeria,gdp_growth,1973,5.39276048395909
NGA,Nigeria,gdp_growth,1972,3.3642620350363
NGA,Nigeria,gdp_growth,1971,14.2375315562508
NGA,Nigeria,gdp_growth,1970,25.0072419293896
NGA,Nigeria,gdp_growth,1969,24.1973839456808
NGA,Nigeria,gdp_growth,1968,-1.24836024581224
NGA,Nigeria,gdp_growth,1967,-15.7436282082049
NGA,Nigeria,gdp_growth,1966,-4.25051418415514
NGA,Nigeria,gdp_growth,1965,4.88497683412908
NGA,Nigeria,gdp_growth,1964,4.95048866604155
NGA,Nigeria,gdp_growth,1963,8.57861891529701
NGA,Nigeria,gdp_growth,1962,4.10299258868014
NGA,Nigeria,gdp_growth,1961,0.191795489572229
NGA,Nigeria,gdp_growth,1960,
NGA,Nigeria,inflation,2025,
NGA,Nigeria,inflation,2024,33.2420966545406
NGA,Nigeria,inflation,2023,24.659550203114
NGA,Nigeria,inflation,2022,18.8471877843274
NGA,Nigeria,inflation,2021,16.9528457221608
NGA,Nigeria,inflation,2020,13.2460234276597
NGA,Nigeria,inflation,2019,11.3964223378116
NGA,Nigeria,inflation,2018,12.0951065173432
NGA,Nigeria,inflation,2017,16.5022662139641
NGA,Nigeria,inflation,2016,15.6968126387972
NGA,Nigeria,inflation,2015,9.00943498007706
NGA,Nigeria,inflation,2014,8.04741087967907
NGA,Nigeria,inflation,2013,8.49551838265669
NGA,Nigeria,inflation,2012,12.2242413020584
NGA,Nigeria,inflation,2011,10.8261371880017
NGA,Nigeria,inflation,2010,13.7400521363694
NGA,Nigeria,inflation,2009,12.5378277304689
NGA,Nigeria,inflation,2008,11.5810751748252
NGA,Nigeria,inflation,2007,5.38800796858626
NGA,Nigeria,inflation,2006,8.22522152017047
NGA,Nigeria,inflation,2005,17.8634933661605
NGA,Nigeria,inflation,2004,14.9980338183251
NGA,Nigeria,inflation,2003,14.0317836131437
NGA,Nigeria,inflation,2002,12.8765792031099
NGA,Nigeria,inflation,2001,18.8736462093863
NGA,Nigeria,inflation,2000,6.93329215565161
NGA,Nigeria,inflation,1999,6.61837339479751
NGA,Nigeria,inflation,1998,9.99637812386806
NGA,Nigeria,inflation,1997,8.52987421383634
NGA,Nigeria,inflation,1996,29.2682926829271
NGA,Nigeria,inflation,1995,72.8355022972638
NGA,Nigeria,inflation,1994,57.0317089119659
NGA,Nigeria,inflation,1993,57.1652528349217
NGA,Nigeria,inflation,1992,44.588842715023
NGA,Nigeria,inflation,1991,13.0069731037428
NGA,Nigeria,inflation,1990,7.36440030557696
NGA,Nigeria,inflation,1989,50.4666881235915
NGA,Nigeria,inflation,1988,54.5112247797673
NGA,Nigeria,inflation,1987,11.2903225806451
NGA,Nigeria,inflation,1986,5.71715145436302
NGA,Nigeria,inflation,1985,7.43534482758635
NGA,Nigeria,inflation,1984,17.8205332860842
NGA,Nigeria,inflation,1983,23.2123315511559
NGA,Nigeria,inflation,1982,7.69774724714249
NGA,Nigeria,inflation,1981,20.8128229121949
NGA,Nigeria,inflation,1980,9.97226199001424
NGA,Nigeria,inflation,1979,11.7097306212118
NGA,Nigeria,inflation,1978,21.7092457416665
NGA,Nigeria,inflation,1977,15.0878340572687
NGA,Nigeria,inflation,1976,24.2999999999997
NGA,Nigeria,inflation,1975,33.9641883221776
NGA,Nigeria,inflation,1974,12.674393177433
NGA,Nigeria,inflation,1973,5.4026644539422
NGA,Nigeria,inflation,1972,3.457649752015
NGA,Nigeria,inflation,1971,15.9991148482235
NGA,Nigeria,inflation,1970,13.757079924793
NGA,Nigeria,inflation,1969,10.155979202822
NGA,Nigeria,inflation,1968,-0.476059059060833
NGA,Nigeria,inflation,1967,-3.72633676514216
NGA,Nigeria,inflation,1966,9.69034608375118
NGA,Nigeria,inflation,1965,4.10345873811619
NGA,Nigeria,inflation,1964,0.856793145737554
NGA,Nigeria,inflation,1963,-2.69465535232731
NGA,Nigeria,inflation,1962,5.26563234621733
NGA,Nigeria,inflation,1961,6.27914723477514
NGA,Nigeria,inflation,1960,5.4443273618724
NGA,Nigeria,debt_to_gdp,2025,
NGA,Nigeria,debt_to_gdp,2024,
NGA,Nigeria,debt_to_gdp,2023,
NGA,Nigeria,debt_to_gdp,2022,
NGA,Nigeria,debt_to_gdp,2021,
NGA,Nigeria,debt_to_gdp,2020,
NGA,Nigeria,debt_to_gdp,2019,
NGA,Nigeria,debt_to_gdp,2018,
NGA,Nigeria,debt_to_gdp,2017,
NGA,Nigeria,debt_to_gdp,2016,
NGA,Nigeria,debt_to_gdp,2015,
NGA,Nigeria,debt_to_gdp,2014,
NGA,Nigeria,debt_to_gdp,2013,
NGA,Nigeria,debt_to_gdp,2012,
NGA,Nigeria,debt_to_gdp,2011,
NGA,Nigeria,debt_to_gdp,2010,
NGA,Nigeria,debt_to_gdp,2009,
NGA,Nigeria,debt_to_gdp,2008,
NGA,Nigeria,debt_to_gdp,2007,
NGA,Nigeria,debt_to_gdp,2006,
NGA,Nigeria,debt_to_gdp,2005,
NGA,Nigeria,debt_to_gdp,2004,
NGA,Nigeria,debt_to_gdp,2003,
NGA,Nigeria,debt_to_gdp,2002,
NGA,Nigeria,debt_to_gdp,2001,
NGA,Nigeria,debt_to_gdp,2000,
NGA,Nigeria,debt_to_gdp,1999,
NGA,Nigeria,debt_to_gdp,1998,
NGA,Nigeria,debt_to_gdp,1997,
NGA,Nigeria,debt_to_gdp,1996,
NGA,Nigeria,debt_to_gdp,1995,
NGA,Nigeria,debt_to_gdp,1994,
NGA,Nigeria,debt_to_gdp,1993,
NGA,Nigeria,debt_to_gdp,1992,
NGA,Nigeria,debt_to_gdp,1991,
NGA,Nigeria,debt_to_gdp,1990,
NGA,Nigeria,debt_to_gdp,1989,
NGA,Nigeria,debt_to_gdp,1988,
NGA,Nigeria,debt_to_gdp,1987,
NGA,Nigeria,debt_to_gdp,1986,
NGA,Nigeria,debt_to_gdp,1985,
NGA,Nigeria,debt_to_gdp,1984,
NGA,Nigeria,debt_to_gdp,1983,
NGA,Nigeria,debt_to_gdp,1982,
NGA,Nigeria,debt_to_gdp,1981,
NGA,Nigeria,debt_to_gdp,1980,
NGA,Nigeria,debt_to_gdp,1979,
NGA,Nigeria,debt_to_gdp,1978,
NGA,Nigeria,debt_to_gdp,1977,
NGA,Nigeria,debt_to_gdp,1976,
NGA,Nigeria,debt_to_gdp,1975,
NGA,Nigeria,debt_to_gdp,1974,
NGA,Nigeria,debt_to_gdp,1973,
NGA,Nigeria,debt_to_gdp,1972,
NGA,Nigeria,debt_to_gdp,1971,
NGA,Nigeria,debt_to_gdp,1970,
NGA,Nigeria,debt_to_gdp,1969,
NGA,Nigeria,debt_to_gdp,1968,
NGA,Nigeria,debt_to_gdp,1967,
NGA,Nigeria,debt_to_gdp,1966,
NGA,Nigeria,debt_to_gdp,1965,
NGA,Nigeria,debt_to_gdp,1964,
NGA,Nigeria,debt_to_gdp,1963,
NGA,Nigeria,debt_to_gdp,1962,
NGA,Nigeria,debt_to_gdp,1961,
NGA,Nigeria,debt_to_gdp,1960,
NGA,Nigeria,exports_to_gdp,2025,
NGA,Nigeria,exports_to_gdp,2024,
NGA,Nigeria,exports_to_gdp,2023,
NGA,Nigeria,exports_to_gdp,2022,
NGA,Nigeria,exports_to_gdp,2021,
NGA,Nigeria,exports_to_gdp,2020,
NGA,Nigeria,exports_to_gdp,2019,
NGA,Nigeria,exports_to_gdp,2018,
NGA,Nigeria,exports_to_gdp,2017,
NGA,Nigeria,exports_to_gdp,2016,
NGA,Nigeria,exports_to_gdp,2015,
NGA,Nigeria,exports_to_gdp,2014,
NGA,Nigeria,exports_to_gdp,2013,
NGA,Nigeria,exports_to_gdp,2012,
NGA,Nigeria,exports_to_gdp,2011,
NGA,Nigeria,exports_to_gdp,2010,
NGA,Nigeria,exports_to_gdp,2009,
NGA,Nigeria,exports_to_gdp,2008,
NGA,Nigeria,exports_to_gdp,2007,
NGA,Nigeria,exports_to_gdp,2006,
NGA,Nigeria,exports_to_gdp,2005,
NGA,Nigeria,exports_to_gdp,2004,
NGA,Nigeria,exports_to_gdp,2003,
NGA,Nigeria,exports_to_gdp,2002,
NGA,Nigeria,exports_to_gdp,2001,
NGA,Nigeria,exports_to_gdp,2000,
NGA,Nigeria,exports_to_gdp,1999,
NGA,Nigeria,exports_to_gdp,1998,
NGA,Nigeria,exports_to_gdp,1997,
NGA,Nigeria,exports_to_gdp,1996,
NGA,Nigeria,exports_to_gdp,1995,
NGA,Nigeria,exports_to_gdp,1994,
NGA,Nigeria,exports_to_gdp,1993,
NGA,Nigeria,exports_to_gdp,1992,
NGA,Nigeria,exports_to_gdp,1991,
NGA,Nigeria,exports_to_gdp,1990,
NGA,Nigeria,exports_to_gdp,1989,
NGA,Nigeria,exports_to_gdp,1988,
NGA,Nigeria,exports_to_gdp,1987,
NGA,Nigeria,exports_to_gdp,1986,
NGA,Nigeria,exports_to_gdp,1985,
NGA,Nigeria,exports_to_gdp,1984,
NGA,Nigeria,exports_to_gdp,1983,
NGA,Nigeria,exports_to_gdp,1982,
NGA,Nigeria,exports_to_gdp,1981,
NGA,Nigeria,exports_to_gdp,1980,
NGA,Nigeria,exports_to_gdp,1979,
NGA,Nigeria,exports_to_gdp,1978,
NGA,Nigeria,exports_to_gdp,1977,
NGA,Nigeria,exports_to_gdp,1976,
NGA,Nigeria,exports_to_gdp,1975,
NGA,Nigeria,exports_to_gdp,1974,
NGA,Nigeria,exports_to_gdp,1973,
NGA,Nigeria,exports_to_gdp,1972,
NGA,Nigeria,exports_to_gdp,1971,
NGA,Nigeria,exports_to_gdp,1970,
NGA,Nigeria,exports_to_gdp,1969,
NGA,Nigeria,exports_to_gdp,1968,
NGA,Nigeria,exports_to_gdp,1967,
NGA,Nigeria,exports_to_gdp,1966,
NGA,Nigeria,exports_to_gdp,1965,
NGA,Nigeria,exports_to_gdp,1964,
NGA,Nigeria,exports_to_gdp,1963,
NGA,Nigeria,exports_to_gdp,1962,
NGA,Nigeria,exports_to_gdp,1961,
NGA,Nigeria,exports_to_gdp,1960,9.24153046405216
NGA,Nigeria,imports_to_gdp,2025,
NGA,Nigeria,imports_to_gdp,2024,
NGA,Nigeria,imports_to_gdp,2023,
NGA,Nigeria,imports_to_gdp,2022,
NGA,Nigeria,imports_to_gdp,2021,
NGA,Nigeria,imports_to_gdp,2020,
NGA,Nigeria,imports_to_gdp,2019,
NGA,Nigeria,imports_to_gdp,2018,
NGA,Nigeria,imports_to_gdp,2017,
NGA,Nigeria,imports_to_gdp,2016,
NGA,Nigeria,imports_to_gdp,2015,
NGA,Nigeria,imports_to_gdp,2014,
NGA,Nigeria,imports_to_gdp,2013,
NGA,Nigeria,imports_to_gdp,2012,
NGA,Nigeria,imports_to_gdp,2011,
NGA,Nigeria,imports_to_gdp,2010,
NGA,Nigeria,imports_to_gdp,2009,
NGA,Nigeria,imports_to_gdp,2008,
NGA,Nigeria,imports_to_gdp,2007,
NGA,Nigeria,imports_to_gdp,2006,
NGA,Nigeria,imports_to_gdp,2005,
NGA,Nigeria,imports_to_gdp,2004,
NGA,Nigeria,imports_to_gdp,2003,
NGA,Nigeria,imports_to_gdp,2002,
NGA,Nigeria,imports_to_gdp,2001,
NGA,Nigeria,imports_to_gdp,2000,
NGA,Nigeria,imports_to_gdp,1999,
NGA,Nigeria,imports_to_gdp,1998,
NGA,Nigeria,imports_to_gdp,1997,
NGA,Nigeria,imports_to_gdp,1996,
NGA,Nigeria,imports_to_gdp,1995,
NGA,Nigeria,imports_to_gdp,1994,
NGA,Nigeria,imports_to_gdp,1993,
NGA,Nigeria,imports_to_gdp,1992,
NGA,Nigeria,imports_to_gdp,1991,
NGA,Nigeria,imports_to_gdp,1990,
NGA,Nigeria,imports_to_gdp,1989,
NGA,Nigeria,imports_to_gdp,1988,
NGA,Nigeria,imports_to_gdp,1987,
NGA,Nigeria,imports_to_gdp,1986,
NGA,Nigeria,imports_to_gdp,1985,
NGA,Nigeria,imports_to_gdp,1984,
NGA,Nigeria,imports_to_gdp,1983,
NGA,Nigeria,imports_to_gdp,1982,
NGA,Nigeria,imports_to_gdp,1981,
NGA,Nigeria,imports_to_gdp,1980,
NGA,Nigeria,imports_to_gdp,1979,
NGA,Nigeria,imports_to_gdp,1978,
NGA,Nigeria,imports_to_gdp,1977,
NGA,Nigeria,imports_to_gdp,1976,
NGA,Nigeria,imports_to_gdp,1975,
NGA,Nigeria,imports_to_gdp,1974,
NGA,Nigeria,imports_to_gdp,1973,
NGA,Nigeria,imports_to_gdp,1972,
NGA,Nigeria,imports_to_gdp,1971,
NGA,Nigeria,imports_to_gdp,1970,
NGA,Nigeria,imports_to_gdp,1969,
NGA,Nigeria,imports_to_gdp,1968,
NGA,Nigeria,imports_to_gdp,1967,
NGA,Nigeria,imports_to_gdp,1966,
NGA,Nigeria,imports_to_gdp,1965,
NGA,Nigeria,imports_to_gdp,1964,
NGA,Nigeria,imports_to_gdp,1963,
NGA,Nigeria,imports_to_gdp,1962,
NGA,Nigeria,imports_to_gdp,1961,
NGA,Nigeria,imports_to_gdp,1960,16.9249824014777
NGA,Nigeria,fdi_pct_gdp,2025,
NGA,Nigeria,fdi_pct_gdp,2024,0.428249682662515
NGA,Nigeria,fdi_pct_gdp,2023,0.384195197914633
NGA,Nigeria,fdi_pct_gdp,2022,-0.0288727652154093
NGA,Nigeria,fdi_pct_gdp,2021,0.543909122152652
NGA,Nigeria,fdi_pct_gdp,2020,0.398484830422215
NGA,Nigeria,fdi_pct_gdp,2019,0.344961215904222
NGA,Nigeria,fdi_pct_gdp,2018,0.183821495682229
NGA,Nigeria,fdi_pct_gdp,2017,0.642182922336257
NGA,Nigeria,fdi_pct_gdp,2016,0.853395742751916
NGA,Nigeria,fdi_pct_gdp,2015,0.621501637000126
NGA,Nigeria,fdi_pct_gdp,2014,0.817478467870197
NGA,Nigeria,fdi_pct_gdp,2013,1.06953936497778
NGA,Nigeria,fdi_pct_gdp,2012,1.52378233769127
NGA,Nigeria,fdi_pct_gdp,2011,2.133117701613
NGA,Nigeria,fdi_pct_gdp,2010,1.64207369186652
NGA,Nigeria,fdi_pct_gdp,2009,2.90024873175983
NGA,Nigeria,fdi_pct_gdp,2008,2.41373918254011
NGA,Nigeria,fdi_pct_gdp,2007,2.16919536982392
NGA,Nigeria,fdi_pct_gdp,2006,2.03575267319875
NGA,Nigeria,fdi_pct_gdp,2005,2.83629405374322
NGA,Nigeria,fdi_pct_gdp,2004,1.38037387490881
NGA,Nigeria,fdi_pct_gdp,2003,1.91462056992191
NGA,Nigeria,fdi_pct_gdp,2002,1.97158413526786
NGA,Nigeria,fdi_pct_gdp,2001,1.61861555824339
NGA,Nigeria,fdi_pct_gdp,2000,1.64832098964767
NGA,Nigeria,fdi_pct_gdp,1999,1.69906893526275
NGA,Nigeria,fdi_pct_gdp,1998,0.137154046877584
NGA,Nigeria,fdi_pct_gdp,1997,0.233794418819082
NGA,Nigeria,fdi_pct_gdp,1996,0.26881827016538
NGA,Nigeria,fdi_pct_gdp,1995,0.238321527429399
NGA,Nigeria,fdi_pct_gdp,1994,2.43685234729338
NGA,Nigeria,fdi_pct_gdp,1993,2.37190347099572
NGA,Nigeria,fdi_pct_gdp,1992,1.7223830155852
NGA,Nigeria,fdi_pct_gdp,1991,1.19672645365892
NGA,Nigeria,fdi_pct_gdp,1990,1.08795098954185
NGA,Nigeria,fdi_pct_gdp,1989,4.2820878623584
NGA,Nigeria,fdi_pct_gdp,1988,0.762696401992634
NGA,Nigeria,fdi_pct_gdp,1987,1.15906979546217
NGA,Nigeria,fdi_pct_gdp,1986,0.352544296705448
NGA,Nigeria,fdi_pct_gdp,1985,0.658452659833293
NGA,Nigeria,fdi_pct_gdp,1984,0.257421832470162
NGA,Nigeria,fdi_pct_gdp,1983,0.375338494548952
NGA,Nigeria,fdi_pct_gdp,1982,0.301613207804647
NGA,Nigeria,fdi_pct_gdp,1981,0.329731933868035
NGA,Nigeria,fdi_pct_gdp,1980,-1.15085580320592
NGA,Nigeria,fdi_pct_gdp,1979,0.655098278470821
NGA,Nigeria,fdi_pct_gdp,1978,0.577458571835853
NGA,Nigeria,fdi_pct_gdp,1977,1.22244833696418
NGA,Nigeria,fdi_pct_gdp,1976,0.933655815514096
NGA,Nigeria,fdi_pct_gdp,1975,1.69236151908443
NGA,Nigeria,fdi_pct_gdp,1974,1.0343450316262
NGA,Nigeria,fdi_pct_gdp,1973,2.45995625061216
NGA,Nigeria,fdi_pct_gdp,1972,2.48484326714818
NGA,Nigeria,fdi_pct_gdp,1971,3.11486786051622
NGA,Nigeria,fdi_pct_gdp,1970,1.63397455783072
NGA,Nigeria,fdi_pct_gdp,1969,
NGA,Nigeria,fdi_pct_gdp,1968,
NGA,Nigeria,fdi_pct_gdp,1967,
NGA,Nigeria,fdi_pct_gdp,1966,
NGA,Nigeria,fdi_pct_gdp,1965,
NGA,Nigeria,fdi_pct_gdp,1964,
NGA,Nigeria,fdi_pct_gdp,1963,
NGA,Nigeria,fdi_pct_gdp,1962,
NGA,Nigeria,fdi_pct_gdp,1961,
NGA,Nigeria,fdi_pct_gdp,1960,
NGA,Nigeria,real_interest_rate,2025,
NGA,Nigeria,real_interest_rate,2024,
NGA,Nigeria,real_interest_rate,2023,2.87664578502372
NGA,Nigeria,real_interest_rate,2022,3.96855873884367
NGA,Nigeria,real_interest_rate,2021,-1.02433535391556
NGA,Nigeria,real_interest_rate,2020,2.14785084959324
NGA,Nigeria,real_interest_rate,2019,-25.7765299378193
NGA,Nigeria,real_interest_rate,2018,6.05597715767894
NGA,Nigeria,real_interest_rate,2017,5.79056686533675
NGA,Nigeria,real_interest_rate,2016,6.68623362327285
NGA,Nigeria,real_interest_rate,2015,13.5961532451283
NGA,Nigeria,real_interest_rate,2014,11.3562130249595
NGA,Nigeria,real_interest_rate,2013,11.2016222248975
NGA,Nigeria,real_interest_rate,2012,6.22480861375514
NGA,Nigeria,real_interest_rate,2011,5.68557985915527
NGA,Nigeria,real_interest_rate,2010,1.06773606467312
NGA,Nigeria,real_interest_rate,2009,18.1800016718669
NGA,Nigeria,real_interest_rate,2008,6.68490863394994
NGA,Nigeria,real_interest_rate,2007,9.18717123000012
NGA,Nigeria,real_interest_rate,2006,-5.62796804844818
NGA,Nigeria,real_interest_rate,2005,-1.59368048219881
NGA,Nigeria,real_interest_rate,2004,-2.60484705691994
NGA,Nigeria,real_interest_rate,2003,9.93571338064823
NGA,Nigeria,real_interest_rate,2002,3.0235422788932
NGA,Nigeria,real_interest_rate,2001,12.1387024938542
NGA,Nigeria,real_interest_rate,2000,-1.1408886399525
NGA,Nigeria,real_interest_rate,1999,6.04724834411309
NGA,Nigeria,real_interest_rate,1998,11.4846690572742
NGA,Nigeria,real_interest_rate,1997,12.12661188827
NGA,Nigeria,real_interest_rate,1996,-5.26078413692007
NGA,Nigeria,real_interest_rate,1995,-31.452565499326
NGA,Nigeria,real_interest_rate,1994,-15.9202329748902
NGA,Nigeria,real_interest_rate,1993,-7.05247465644158
NGA,Nigeria,real_interest_rate,1992,-14.987167988653
NGA,Nigeria,real_interest_rate,1991,0.990847345407159
NGA,Nigeria,real_interest_rate,1990,17.4662444414874
NGA,Nigeria,real_interest_rate,1989,-6.61241243899157
NGA,Nigeria,real_interest_rate,1988,-2.96267648174824
NGA,Nigeria,real_interest_rate,1987,-4.76964480981347
NGA,Nigeria,real_interest_rate,1986,4.31029224937487
NGA,Nigeria,real_interest_rate,1985,2.34323057238794
NGA,Nigeria,real_interest_rate,1984,4.34249262532726
NGA,Nigeria,real_interest_rate,1983,-8.02238643945311
NGA,Nigeria,real_interest_rate,1982,-4.58618020930909
NGA,Nigeria,real_interest_rate,1981,-65.8571487007244
NGA,Nigeria,real_interest_rate,1980,-3.54741821482783
NGA,Nigeria,real_interest_rate,1979,-2.99470821192688
NGA,Nigeria,real_interest_rate,1978,-6.28956771104275
NGA,Nigeria,real_interest_rate,1977,-4.25760452086348
NGA,Nigeria,real_interest_rate,1976,-6.86748282764084
NGA,Nigeria,real_interest_rate,1975,-13.9681618436229
NGA,Nigeria,real_interest_rate,1974,-25.666759402174
NGA,Nigeria,real_interest_rate,1973,1.569257786755
NGA,Nigeria,real_interest_rate,1972,3.99165847921535
NGA,Nigeria,real_interest_rate,1971,5.57678872855367
NGA,Nigeria,real_interest_rate,1970,-29.269517344324
NGA,Nigeria,real_interest_rate,1969,
NGA,Nigeria,real_interest_rate,1968,
NGA,Nigeria,real_interest_rate,1967,
NGA,Nigeria,real_interest_rate,1966,
NGA,Nigeria,real_interest_rate,1965,
NGA,Nigeria,real_interest_rate,1964,
NGA,Nigeria,real_interest_rate,1963,
NGA,Nigeria,real_interest_rate,1962,
NGA,Nigeria,real_interest_rate,1961,
NGA,Nigeria,real_interest_rate,1960,
NGA,Nigeria,unemployment,2025,3.064
NGA,Nigeria,unemployment,2024,3.045
NGA,Nigeria,unemployment,2023,3.074
NGA,Nigeria,unemployment,2022,3.827
NGA,Nigeria,unemployment,2021,5.404
NGA,Nigeria,unemployment,2020,5.714
NGA,Nigeria,unemployment,2019,5.206
NGA,Nigeria,unemployment,2018,5.069
NGA,Nigeria,unemployment,2017,4.83
NGA,Nigeria,unemployment,2016,4.499
NGA,Nigeria,unemployment,2015,4.134
NGA,Nigeria,unemployment,2014,3.9
NGA,Nigeria,unemployment,2013,3.711
NGA,Nigeria,unemployment,2012,3.761
NGA,Nigeria,unemployment,2011,3.77
NGA,Nigeria,unemployment,2010,3.744
NGA,Nigeria,unemployment,2009,3.763
NGA,Nigeria,unemployment,2008,3.792
NGA,Nigeria,unemployment,2007,3.794
NGA,Nigeria,unemployment,2006,3.749
NGA,Nigeria,unemployment,2005,3.727
NGA,Nigeria,unemployment,2004,3.59
NGA,Nigeria,unemployment,2003,3.637
NGA,Nigeria,unemployment,2002,3.669
NGA,Nigeria,unemployment,2001,3.9
NGA,Nigeria,unemployment,2000,3.953
NGA,Nigeria,unemployment,1999,3.986
NGA,Nigeria,unemployment,1998,3.922
NGA,Nigeria,unemployment,1997,3.964
NGA,Nigeria,unemployment,1996,4.043
NGA,Nigeria,unemployment,1995,4.152
NGA,Nigeria,unemployment,1994,4.064
NGA,Nigeria,unemployment,1993,4.023
NGA,Nigeria,unemployment,1992,3.79
NGA,Nigeria,unemployment,1991,3.831
NGA,Nigeria,unemployment,1990,
NGA,Nigeria,unemployment,1989,
NGA,Nigeria,unemployment,1988,
NGA,Nigeria,unemployment,1987,
NGA,Nigeria,unemployment,1986,
NGA,Nigeria,unemployment,1985,
NGA,Nigeria,unemployment,1984,
NGA,Nigeria,unemployment,1983,
NGA,Nigeria,unemployment,1982,
NGA,Nigeria,unemployment,1981,
NGA,Nigeria,unemployment,1980,
NGA,Nigeria,unemployment,1979,
NGA,Nigeria,unemployment,1978,
NGA,Nigeria,unemployment,1977,
NGA,Nigeria,unemployment,1976,
NGA,Nigeria,unemployment,1975,
NGA,Nigeria,unemployment,1974,
NGA,Nigeria,unemployment,1973,
NGA,Nigeria,unemployment,1972,
NGA,Nigeria,unemployment,1971,
NGA,Nigeria,unemployment,1970,
NGA,Nigeria,unemployment,1969,
NGA,Nigeria,unemployment,1968,
NGA,Nigeria,unemployment,1967,
NGA,Nigeria,unemployment,1966,
NGA,Nigeria,unemployment,1965,
NGA,Nigeria,unemployment,1964,
NGA,Nigeria,unemployment,1963,
NGA,Nigeria,unemployment,1962,
NGA,Nigeria,unemployment,1961,
NGA,Nigeria,unemployment,1960,
NGA,Nigeria,industry_value_added,2025,
NGA,Nigeria,industry_value_added,2024,18.1967486361818
NGA,Nigeria,industry_value_added,2023,19.1302382465391
NGA,Nigeria,industry_value_added,2022,19.1690558860792
NGA,Nigeria,industry_value_added,2021,18.2539292138778
NGA,Nigeria,industry_value_added,2020,18.3649963095652
NGA,Nigeria,industry_value_added,2019,21.0040409408605
NGA,Nigeria,industry_value_added,2018,25.7333065832929
NGA,Nigeria,industry_value_added,2017,22.3151171946859
NGA,Nigeria,industry_value_added,2016,18.17313172689
NGA,Nigeria,industry_value_added,2015,20.160782897492
NGA,Nigeria,industry_value_added,2014,24.6436085906069
NGA,Nigeria,industry_value_added,2013,25.7423212364316
NGA,Nigeria,industry_value_added,2012,27.0730175029593
NGA,Nigeria,industry_value_added,2011,28.2777998870502
NGA,Nigeria,industry_value_added,2010,25.3174522378126
NGA,Nigeria,industry_value_added,2009,21.236761481448
NGA,Nigeria,industry_value_added,2008,24.7142488981493
NGA,Nigeria,industry_value_added,2007,24.344717837607
NGA,Nigeria,industry_value_added,2006,25.7516355955536
NGA,Nigeria,industry_value_added,2005,28.2015834476344
NGA,Nigeria,industry_value_added,2004,28.390040064544
NGA,Nigeria,industry_value_added,2003,26.0024149026732
NGA,Nigeria,industry_value_added,2002,23.0408371863292
NGA,Nigeria,industry_value_added,2001,28.2762662656489
NGA,Nigeria,industry_value_added,2000,33.823003290999
NGA,Nigeria,industry_value_added,1999,29.3636932703443
NGA,Nigeria,industry_value_added,1998,28.7024397281229
NGA,Nigeria,industry_value_added,1997,35.2488501000654
NGA,Nigeria,industry_value_added,1996,37.4454787243492
NGA,Nigeria,industry_value_added,1995,36.5404898229186
NGA,Nigeria,industry_value_added,1994,31.3183895527606
NGA,Nigeria,industry_value_added,1993,33.1743424877663
NGA,Nigeria,industry_value_added,1992,37.7096082330884
NGA,Nigeria,industry_value_added,1991,36.9655659789111
NGA,Nigeria,industry_value_added,1990,35.4103267697692
NGA,Nigeria,industry_value_added,1989,35.3918071721663
NGA,Nigeria,industry_value_added,1988,32.6148659706
NGA,Nigeria,industry_value_added,1987,32.8869010232968
NGA,Nigeria,industry_value_added,1986,32.8307835240761
NGA,Nigeria,industry_value_added,1985,33.466601002189
NGA,Nigeria,industry_value_added,1984,30.3459204222366
NGA,Nigeria,industry_value_added,1983,34.118441173343
NGA,Nigeria,industry_value_added,1982,34.8092085036491
NGA,Nigeria,industry_value_added,1981,39.245090195334
NGA,Nigeria,industry_value_added,1980,
NGA,Nigeria,industry_value_added,1979,
NGA,Nigeria,industry_value_added,1978,
NGA,Nigeria,industry_value_added,1977,
NGA,Nigeria,industry_value_added,1976,
NGA,Nigeria,industry_value_added,1975,
NGA,Nigeria,industry_value_added,1974,
NGA,Nigeria,industry_value_added,1973,
NGA,Nigeria,industry_value_added,1972,
NGA,Nigeria,industry_value_added,1971,
NGA,Nigeria,industry_value_added,1970,
NGA,Nigeria,industry_value_added,1969,
NGA,Nigeria,industry_value_added,1968,
NGA,Nigeria,industry_value_added,1967,
NGA,Nigeria,industry_value_added,1966,
NGA,Nigeria,industry_value_added,1965,
NGA,Nigeria,industry_value_added,1964,
NGA,Nigeria,industry_value_added,1963,
NGA,Nigeria,industry_value_added,1962,
NGA,Nigeria,industry_value_added,1961,
NGA,Nigeria,industry_value_added,1960,
NGA,Nigeria,electricity_access,2025,
NGA,Nigeria,electricity_access,2024,
NGA,Nigeria,electricity_access,2023,61.2
NGA,Nigeria,electricity_access,2022,60.5
NGA,Nigeria,electricity_access,2021,59.5
NGA,Nigeria,electricity_access,2020,55.4
NGA,Nigeria,electricity_access,2019,55.4
NGA,Nigeria,electricity_access,2018,56.5
NGA,Nigeria,electricity_access,2017,54.4
NGA,Nigeria,electricity_access,2016,59.3
NGA,Nigeria,electricity_access,2015,52.5
NGA,Nigeria,electricity_access,2014,54.2
NGA,Nigeria,electricity_access,2013,55.6
NGA,Nigeria,electricity_access,2012,53.0
NGA,Nigeria,electricity_access,2011,55.9
NGA,Nigeria,electricity_access,2010,48.0
NGA,Nigeria,electricity_access,2009,50.0
NGA,Nigeria,electricity_access,2008,50.3
NGA,Nigeria,electricity_access,2007,50.1
NGA,Nigeria,electricity_access,2006,47.6
NGA,Nigeria,electricity_access,2005,46.8
NGA,Nigeria,electricity_access,2004,46.1
NGA,Nigeria,electricity_access,2003,52.2
NGA,Nigeria,electricity_access,2002,44.6
NGA,Nigeria,electricity_access,2001,43.9
NGA,Nigeria,electricity_access,2000,43.2
NGA,Nigeria,electricity_access,1999,44.9
NGA,Nigeria,electricity_access,1998,41.2505683898926
NGA,Nigeria,electricity_access,1997,40.3999824523926
NGA,Nigeria,electricity_access,1996,39.5453186035156
NGA,Nigeria,electricity_access,1995,38.6872520446777
NGA,Nigeria,electricity_access,1994,37.8264694213867
NGA,Nigeria,electricity_access,1993,36.9636459350586
NGA,Nigeria,electricity_access,1992,36.0994606018066
NGA,Nigeria,electricity_access,1991,35.2346000671387
NGA,Nigeria,electricity_access,1990,27.3
NGA,Nigeria,electricity_access,1989,
NGA,Nigeria,electricity_access,1988,
NGA,Nigeria,electricity_access,1987,
NGA,Nigeria,electricity_access,1986,
NGA,Nigeria,electricity_access,1985,
NGA,Nigeria,electricity_access,1984,
NGA,Nigeria,electricity_access,1983,
NGA,Nigeria,electricity_access,1982,
NGA,Nigeria,electricity_access,1981,
NGA,Nigeria,electricity_access,1980,
NGA,Nigeria,electricity_access,1979,
NGA,Nigeria,electricity_access,1978,
NGA,Nigeria,electricity_access,1977,
NGA,Nigeria,electricity_access,1976,
NGA,Nigeria,electricity_access,1975,
NGA,Nigeria,electricity_access,1974,
NGA,Nigeria,electricity_access,1973,
NGA,Nigeria,electricity_access,1972,
NGA,Nigeria,electricity_access,1971,
NGA,Nigeria,electricity_access,1970,
NGA,Nigeria,electricity_access,1969,
NGA,Nigeria,electricity_access,1968,
NGA,Nigeria,electricity_access,1967,
NGA,Nigeria,electricity_access,1966,
NGA,Nigeria,electricity_access,1965,
NGA,Nigeria,electricity_access,1964,
NGA,Nigeria,electricity_access,1963,
NGA,Nigeria,electricity_access,1962,
NGA,Nigeria,electricity_access,1961,
NGA,Nigeria,electricity_access,1960,
KEN,Kenya,gdp_growth,2025,
KEN,Kenya,gdp_growth,2024,4.72473994710138
KEN,Kenya,gdp_growth,2023,5.71999241214208
KEN,Kenya,gdp_growth,2022,4.85998104287999
KEN,Kenya,gdp_growth,2021,7.59048947333467
KEN,Kenya,gdp_growth,2020,-0.272766327438816
KEN,Kenya,gdp_growth,2019,5.11415885767801
KEN,Kenya,gdp_growth,2018,5.64794640709219
KEN,Kenya,gdp_growth,2017,3.83795817364721
KEN,Kenya,gdp_growth,2016,4.21351706814744
KEN,Kenya,gdp_growth,2015,4.96772112759767
KEN,Kenya,gdp_growth,2014,5.02011100232484
KEN,Kenya,gdp_growth,2013,3.7978483925754
KEN,Kenya,gdp_growth,2012,4.56867961444982
KEN,Kenya,gdp_growth,2011,5.1211061197056
KEN,Kenya,gdp_growth,2010,8.05847360290906
KEN,Kenya,gdp_growth,2009,3.30693981631089
KEN,Kenya,gdp_growth,2008,0.232282744812977
KEN,Kenya,gdp_growth,2007,6.85072976998784
KEN,Kenya,gdp_growth,2006,6.47249430015484
KEN,Kenya,gdp_growth,2005,5.90666607980057
KEN,Kenya,gdp_growth,2004,5.10429977629738
KEN,Kenya,gdp_growth,2003,2.93247554570904
KEN,Kenya,gdp_growth,2002,0.546859530175595
KEN,Kenya,gdp_growth,2001,3.77990649795343
KEN,Kenya,gdp_growth,2000,0.599695390807426
KEN,Kenya,gdp_growth,1999,2.30538859522412
KEN,Kenya,gdp_growth,1998,3.29021372249065
KEN,Kenya,gdp_growth,1997,0.474901921293579
KEN,Kenya,gdp_growth,1996,4.14683926876013
KEN,Kenya,gdp_growth,1995,4.40621652482287
KEN,Kenya,gdp_growth,1994,2.632784517837
KEN,Kenya,gdp_growth,1993,0.353197256227247
KEN,Kenya,gdp_growth,1992,-0.799493958641349
KEN,Kenya,gdp_growth,1991,1.43834679171559
KEN,Kenya,gdp_growth,1990,4.19205097155167
KEN,Kenya,gdp_growth,1989,4.69034876792047
KEN,Kenya,gdp_growth,1988,6.20318382314591
KEN,Kenya,gdp_growth,1987,5.93710744420895
KEN,Kenya,gdp_growth,1986,7.17755539065963
KEN,Kenya,gdp_growth,1985,4.30056181879613
KEN,Kenya,gdp_growth,1984,1.75521697703473
KEN,Kenya,gdp_growth,1983,1.3090502411486
KEN,Kenya,gdp_growth,1982,1.50647825757706
KEN,Kenya,gdp_growth,1981,3.77354419402822
KEN,Kenya,gdp_growth,1980,5.5919762059677
KEN,Kenya,gdp_growth,1979,7.61522604591983
KEN,Kenya,gdp_growth,1978,6.91249354626197
KEN,Kenya,gdp_growth,1977,9.45379784408087
KEN,Kenya,gdp_growth,1976,2.15396450322561
KEN,Kenya,gdp_growth,1975,0.882203175319148
KEN,Kenya,gdp_growth,1974,4.06561734893735
KEN,Kenya,gdp_growth,1973,5.89658021016672
KEN,Kenya,gdp_growth,1972,17.082429349983
KEN,Kenya,gdp_growth,1971,22.1738919255764
KEN,Kenya,gdp_growth,1970,-4.65544691647621
KEN,Kenya,gdp_growth,1969,7.9592244594956
KEN,Kenya,gdp_growth,1968,7.9826899693479
KEN,Kenya,gdp_growth,1967,3.36123203258556
KEN,Kenya,gdp_growth,1966,14.7285664015687
KEN,Kenya,gdp_growth,1965,2.00909417103099
KEN,Kenya,gdp_growth,1964,4.96446728844091
KEN,Kenya,gdp_growth,1963,8.77834021621184
KEN,Kenya,gdp_growth,1962,9.45735874072126
KEN,Kenya,gdp_growth,1961,-7.77463490371655
KEN,Kenya,gdp_growth,1960,
KEN,Kenya,inflation,2025,
KEN,Kenya,inflation,2024,4.48978854243448
KEN,Kenya,inflation,2023,7.67139634029402
KEN,Kenya,inflation,2022,7.65986268272224
KEN,Kenya,inflation,2021,6.10793603659176
KEN,Kenya,inflation,2020,5.40516207933392
KEN,Kenya,inflation,2019,5.23963795764792
KEN,Kenya,inflation,2018,4.6898064677633
KEN,Kenya,inflation,2017,8.00564967709945
KEN,Kenya,inflation,2016,6.29724953814625
KEN,Kenya,inflation,2015,6.58215429284779
KEN,Kenya,inflation,2014,6.87815499275949
KEN,Kenya,inflation,2013,5.71749357037733
KEN,Kenya,inflation,2012,9.37777003547598
KEN,Kenya,inflation,2011,14.0224913014704
KEN,Kenya,inflation,2010,3.96138889115385
KEN,Kenya,inflation,2009,9.23412592394652
KEN,Kenya,inflation,2008,26.2398166445063
KEN,Kenya,inflation,2007,9.75888023027529
KEN,Kenya,inflation,2006,14.4537342081708
KEN,Kenya,inflation,2005,10.3127783574683
KEN,Kenya,inflation,2004,11.6240355442426
KEN,Kenya,inflation,2003,9.81569062979654
KEN,Kenya,inflation,2002,1.96130821739162
KEN,Kenya,inflation,2001,5.73859814341467
KEN,Kenya,inflation,2000,9.98002515350979
KEN,Kenya,inflation,1999,5.74200109520484
KEN,Kenya,inflation,1998,6.72243650753928
KEN,Kenya,inflation,1997,11.3618450505783
KEN,Kenya,inflation,1996,8.86408741577522
KEN,Kenya,inflation,1995,1.55432816055009
KEN,Kenya,inflation,1994,28.8143894306731
KEN,Kenya,inflation,1993,45.9788813036218
KEN,Kenya,inflation,1992,27.3323644475784
KEN,Kenya,inflation,1991,20.0844955754632
KEN,Kenya,inflation,1990,17.78181442992
KEN,Kenya,inflation,1989,13.7893172763883
KEN,Kenya,inflation,1988,12.2649630481582
KEN,Kenya,inflation,1987,8.63767318980084
KEN,Kenya,inflation,1986,2.53427598892888
KEN,Kenya,inflation,1985,13.0065664218827
KEN,Kenya,inflation,1984,10.284098213138
KEN,Kenya,inflation,1983,11.3977827368523
KEN,Kenya,inflation,1982,20.6667146662827
KEN,Kenya,inflation,1981,11.6030534351142
KEN,Kenya,inflation,1980,13.8581814562484
KEN,Kenya,inflation,1979,7.97935261848786
KEN,Kenya,inflation,1978,16.9317824582842
KEN,Kenya,inflation,1977,14.8209644818935
KEN,Kenya,inflation,1976,11.4490304932756
KEN,Kenya,inflation,1975,19.1201840136051
KEN,Kenya,inflation,1974,17.8099480331818
KEN,Kenya,inflation,1973,9.28119422332106
KEN,Kenya,inflation,1972,5.83164474311005
KEN,Kenya,inflation,1971,3.78020612544907
KEN,Kenya,inflation,1970,2.18852703907439
KEN,Kenya,inflation,1969,-0.17150100656233
KEN,Kenya,inflation,1968,0.366711570051019
KEN,Kenya,inflation,1967,1.75919579598299
KEN,Kenya,inflation,1966,5.01439539323414
KEN,Kenya,inflation,1965,3.57852882806742
KEN,Kenya,inflation,1964,-0.0993048669314341
KEN,Kenya,inflation,1963,0.697674418604589
KEN,Kenya,inflation,1962,3.11750599520378
KEN,Kenya,inflation,1961,2.45700245700254
KEN,Kenya,inflation,1960,1.24378109452731
KEN,Kenya,debt_to_gdp,2025,
KEN,Kenya,debt_to_gdp,2024,
KEN,Kenya,debt_to_gdp,2023,
KEN,Kenya,debt_to_gdp,2022,
KEN,Kenya,debt_to_gdp,2021,
KEN,Kenya,debt_to_gdp,2020,
KEN,Kenya,debt_to_gdp,2019,
KEN,Kenya,debt_to_gdp,2018,
KEN,Kenya,debt_to_gdp,2017,
KEN,Kenya,debt_to_gdp,2016,
KEN,Kenya,debt_to_gdp,2015,
KEN,Kenya,debt_to_gdp,2014,
KEN,Kenya,debt_to_gdp,2013,
KEN,Kenya,debt_to_gdp,2012,
KEN,Kenya,debt_to_gdp,2011,
KEN,Kenya,debt_to_gdp,2010,
KEN,Kenya,debt_to_gdp,2009,
KEN,Kenya,debt_to_gdp,2008,
KEN,Kenya,debt_to_gdp,2007,
KEN,Kenya,debt_to_gdp,2006,
KEN,Kenya,debt_to_gdp,2005,
KEN,Kenya,debt_to_gdp,2004,
KEN,Kenya,debt_to_gdp,2003,
KEN,Kenya,debt_to_gdp,2002,
KEN,Kenya,debt_to_gdp,2001,
KEN,Kenya,debt_to_gdp,2000,
KEN,Kenya,debt_to_gdp,1999,
KEN,Kenya,debt_to_gdp,1998,
KEN,Kenya,debt_to_gdp,1997,
KEN,Kenya,debt_to_gdp,1996,
KEN,Kenya,debt_to_gdp,1995,
KEN,Kenya,debt_to_gdp,1994,
KEN,Kenya,debt_to_gdp,1993,
KEN,Kenya,debt_to_gdp,1992,
KEN,Kenya,debt_to_gdp,1991,
KEN,Kenya,debt_to_gdp,1990,
KEN,Kenya,debt_to_gdp,1989,
KEN,Kenya,debt_to_gdp,1988,
KEN,Kenya,debt_to_gdp,1987,
KEN,Kenya,debt_to_gdp,1986,
KEN,Kenya,debt_to_gdp,1985,
KEN,Kenya,debt_to_gdp,1984,
KEN,Kenya,debt_to_gdp,1983,
KEN,Kenya,debt_to_gdp,1982,
KEN,Kenya,debt_to_gdp,1981,
KEN,Kenya,debt_to_gdp,1980,
KEN,Kenya,debt_to_gdp,1979,
KEN,Kenya,debt_to_gdp,1978,
KEN,Kenya,debt_to_gdp,1977,
KEN,Kenya,debt_to_gdp,1976,
KEN,Kenya,debt_to_gdp,1975,
KEN,Kenya,debt_to_gdp,1974,
KEN,Kenya,debt_to_gdp,1973,
KEN,Kenya,debt_to_gdp,1972,
KEN,Kenya,debt_to_gdp,1971,
KEN,Kenya,debt_to_gdp,1970,
KEN,Kenya,debt_to_gdp,1969,
KEN,Kenya,debt_to_gdp,1968,
KEN,Kenya,debt_to_gdp,1967,
KEN,Kenya,debt_to_gdp,1966,
KEN,Kenya,debt_to_gdp,1965,
KEN,Kenya,debt_to_gdp,1964,
KEN,Kenya,debt_to_gdp,1963,
KEN,Kenya,debt_to_gdp,1962,
KEN,Kenya,debt_to_gdp,1961,
KEN,Kenya,debt_to_gdp,1960,
KEN,Kenya,exports_to_gdp,2025,
KEN,Kenya,exports_to_gdp,2024,17.0656153005354
KEN,Kenya,exports_to_gdp,2023,16.890666978856
KEN,Kenya,exports_to_gdp,2022,15.9570283629469
KEN,Kenya,exports_to_gdp,2021,13.1097382018218
KEN,Kenya,exports_to_gdp,2020,11.4410451821593
KEN,Kenya,exports_to_gdp,2019,11.4279956869332
KEN,Kenya,exports_to_gdp,2018,12.541975333359
KEN,Kenya,exports_to_gdp,2017,12.7366599413725
KEN,Kenya,exports_to_gdp,2016,13.2497448006759
KEN,Kenya,exports_to_gdp,2015,15.1287339034504
KEN,Kenya,exports_to_gdp,2014,16.4728044658123
KEN,Kenya,exports_to_gdp,2013,17.7921805531655
KEN,Kenya,exports_to_gdp,2012,19.8649477228834
KEN,Kenya,exports_to_gdp,2011,21.5494770708279
KEN,Kenya,exports_to_gdp,2010,20.1243596478793
KEN,Kenya,exports_to_gdp,2009,18.7749454916013
KEN,Kenya,exports_to_gdp,2008,22.6740575532267
KEN,Kenya,exports_to_gdp,2007,21.9189912933699
KEN,Kenya,exports_to_gdp,2006,22.9849396441861
KEN,Kenya,exports_to_gdp,2005,28.5090302142012
KEN,Kenya,exports_to_gdp,2004,26.6102585752973
KEN,Kenya,exports_to_gdp,2003,24.086815305421
KEN,Kenya,exports_to_gdp,2002,24.8979726147002
KEN,Kenya,exports_to_gdp,2001,22.9315763643367
KEN,Kenya,exports_to_gdp,2000,21.5875711417625
KEN,Kenya,exports_to_gdp,1999,20.8327351985075
KEN,Kenya,exports_to_gdp,1998,20.1692608275285
KEN,Kenya,exports_to_gdp,1997,22.686387351635
KEN,Kenya,exports_to_gdp,1996,25.2006019494243
KEN,Kenya,exports_to_gdp,1995,32.5917012190029
KEN,Kenya,exports_to_gdp,1994,37.0402808384151
KEN,Kenya,exports_to_gdp,1993,38.9036301698042
KEN,Kenya,exports_to_gdp,1992,26.2603741906351
KEN,Kenya,exports_to_gdp,1991,27.0416323240194
KEN,Kenya,exports_to_gdp,1990,25.6926059649364
KEN,Kenya,exports_to_gdp,1989,23.0330294282825
KEN,Kenya,exports_to_gdp,1988,22.3712135609168
KEN,Kenya,exports_to_gdp,1987,21.3052213474356
KEN,Kenya,exports_to_gdp,1986,25.8483552726796
KEN,Kenya,exports_to_gdp,1985,25.2989329600959
KEN,Kenya,exports_to_gdp,1984,26.7498926521639
KEN,Kenya,exports_to_gdp,1983,25.9499324054367
KEN,Kenya,exports_to_gdp,1982,26.6574659989352
KEN,Kenya,exports_to_gdp,1981,30.4598813209494
KEN,Kenya,exports_to_gdp,1980,29.516964217512
KEN,Kenya,exports_to_gdp,1979,25.7531542356879
KEN,Kenya,exports_to_gdp,1978,28.9355183365614
KEN,Kenya,exports_to_gdp,1977,34.9588687563848
KEN,Kenya,exports_to_gdp,1976,32.4504712438085
KEN,Kenya,exports_to_gdp,1975,29.8236859697501
KEN,Kenya,exports_to_gdp,1974,33.6758838502875
KEN,Kenya,exports_to_gdp,1973,27.393834680633
KEN,Kenya,exports_to_gdp,1972,26.5878288599522
KEN,Kenya,exports_to_gdp,1971,28.639355102812
KEN,Kenya,exports_to_gdp,1970,29.8257255614152
KEN,Kenya,exports_to_gdp,1969,29.5286550830373
KEN,Kenya,exports_to_gdp,1968,29.4008110568567
KEN,Kenya,exports_to_gdp,1967,28.4643343934575
KEN,Kenya,exports_to_gdp,1966,32.4116335162739
KEN,Kenya,exports_to_gdp,1965,31.3973152068786
KEN,Kenya,exports_to_gdp,1964,33.3894131538947
KEN,Kenya,exports_to_gdp,1963,32.032947656704
KEN,Kenya,exports_to_gdp,1962,32.0378092613948
KEN,Kenya,exports_to_gdp,1961,32.7171696814538
KEN,Kenya,exports_to_gdp,1960,31.095746519435
KEN,Kenya,imports_to_gdp,2025,
KEN,Kenya,imports_to_gdp,2024,23.1203986963402
KEN,Kenya,imports_to_gdp,2023,24.2204234378835
KEN,Kenya,imports_to_gdp,2022,24.3182954744092
KEN,Kenya,imports_to_gdp,2021,21.8923095777051
KEN,Kenya,imports_to_gdp,2020,18.9580936008817
KEN,Kenya,imports_to_gdp,2019,20.3314661545478
KEN,Kenya,imports_to_gdp,2018,21.8727778433835
KEN,Kenya,imports_to_gdp,2017,23.2583979340349
KEN,Kenya,imports_to_gdp,2016,21.6152747725065
KEN,Kenya,imports_to_gdp,2015,25.1986507884515
KEN,Kenya,imports_to_gdp,2014,29.6976848964037
KEN,Kenya,imports_to_gdp,2013,29.6724619595649
KEN,Kenya,imports_to_gdp,2012,31.7587443003647
KEN,Kenya,imports_to_gdp,2011,36.8527289037346
KEN,Kenya,imports_to_gdp,2010,30.2699277024041
KEN,Kenya,imports_to_gdp,2009,27.1702463211792
KEN,Kenya,imports_to_gdp,2008,34.9045410940864
KEN,Kenya,imports_to_gdp,2007,31.975797511236
KEN,Kenya,imports_to_gdp,2006,32.2515454815442
KEN,Kenya,imports_to_gdp,2005,35.9698359497784
KEN,Kenya,imports_to_gdp,2004,32.8667447731316
KEN,Kenya,imports_to_gdp,2003,30.045450590308
KEN,Kenya,imports_to_gdp,2002,30.2746996493051
KEN,Kenya,imports_to_gdp,2001,33.0152596643276
KEN,Kenya,imports_to_gdp,2000,31.7214732444648
KEN,Kenya,imports_to_gdp,1999,27.359539790402
KEN,Kenya,imports_to_gdp,1998,28.7279811125469
KEN,Kenya,imports_to_gdp,1997,31.3707295086543
KEN,Kenya,imports_to_gdp,1996,32.1115087543859
KEN,Kenya,imports_to_gdp,1995,39.1540404213006
KEN,Kenya,imports_to_gdp,1994,34.2258443908956
KEN,Kenya,imports_to_gdp,1993,33.9548511937601
KEN,Kenya,imports_to_gdp,1992,26.6704959131936
KEN,Kenya,imports_to_gdp,1991,28.5560669003459
KEN,Kenya,imports_to_gdp,1990,31.3283077167904
KEN,Kenya,imports_to_gdp,1989,30.1233477950354
KEN,Kenya,imports_to_gdp,1988,27.6037685308535
KEN,Kenya,imports_to_gdp,1987,26.3975466582492
KEN,Kenya,imports_to_gdp,1986,29.8930303200573
KEN,Kenya,imports_to_gdp,1985,30.1465015930706
KEN,Kenya,imports_to_gdp,1984,32.0540049258986
KEN,Kenya,imports_to_gdp,1983,28.2127729852925
KEN,Kenya,imports_to_gdp,1982,31.558271148705
KEN,Kenya,imports_to_gdp,1981,33.8203044375645
KEN,Kenya,imports_to_gdp,1980,35.8998317232487
KEN,Kenya,imports_to_gdp,1979,31.6110205132607
KEN,Kenya,imports_to_gdp,1978,38.6880223248916
KEN,Kenya,imports_to_gdp,1977,31.5930964030324
KEN,Kenya,imports_to_gdp,1976,31.7556377270226
KEN,Kenya,imports_to_gdp,1975,34.5115818500877
KEN,Kenya,imports_to_gdp,1974,40.8975205053267
KEN,Kenya,imports_to_gdp,1973,28.6690140043265
KEN,Kenya,imports_to_gdp,1972,28.7270794578794
KEN,Kenya,imports_to_gdp,1971,35.189107913216
KEN,Kenya,imports_to_gdp,1970,30.6639192540076
KEN,Kenya,imports_to_gdp,1969,28.0887011615628
KEN,Kenya,imports_to_gdp,1968,29.2973599271704
KEN,Kenya,imports_to_gdp,1967,29.3730122671513
KEN,Kenya,imports_to_gdp,1966,30.8728022514063
KEN,Kenya,imports_to_gdp,1965,30.6958559752682
KEN,Kenya,imports_to_gdp,1964,29.2122309368151
KEN,Kenya,imports_to_gdp,1963,28.9627646635234
KEN,Kenya,imports_to_gdp,1962,30.1251538874463
KEN,Kenya,imports_to_gdp,1961,31.1299517469858
KEN,Kenya,imports_to_gdp,1960,33.6701045439883
KEN,Kenya,fdi_pct_gdp,2025,
KEN,Kenya,fdi_pct_gdp,2024,0.385110027210407
KEN,Kenya,fdi_pct_gdp,2023,0.472521238226254
KEN,Kenya,fdi_pct_gdp,2022,0.691645983068062
KEN,Kenya,fdi_pct_gdp,2021,0.382593996518954
KEN,Kenya,fdi_pct_gdp,2020,-0.00536845439351621
KEN,Kenya,fdi_pct_gdp,2019,0.468168547481475
KEN,Kenya,fdi_pct_gdp,2018,0.832686217791619
KEN,Kenya,fdi_pct_gdp,2017,1.64083690398642
KEN,Kenya,fdi_pct_gdp,2016,0.627591266355583
KEN,Kenya,fdi_pct_gdp,2015,0.883799936312692
KEN,Kenya,fdi_pct_gdp,2014,1.20220842439576
KEN,Kenya,fdi_pct_gdp,2013,1.81417037253291
KEN,Kenya,fdi_pct_gdp,2012,2.44725940988928
KEN,Kenya,fdi_pct_gdp,2011,3.09471103381268
KEN,Kenya,fdi_pct_gdp,2010,0.392164287395035
KEN,Kenya,fdi_pct_gdp,2009,0.274534230856511
KEN,Kenya,fdi_pct_gdp,2008,0.266291327300955
KEN,Kenya,fdi_pct_gdp,2007,2.28124317373484
KEN,Kenya,fdi_pct_gdp,2006,0.196219632064752
KEN,Kenya,fdi_pct_gdp,2005,0.113202068934601
KEN,Kenya,fdi_pct_gdp,2004,0.286194263505208
KEN,Kenya,fdi_pct_gdp,2003,0.548412532071825
KEN,Kenya,fdi_pct_gdp,2002,0.210062364887451
KEN,Kenya,fdi_pct_gdp,2001,0.0408333582871574
KEN,Kenya,fdi_pct_gdp,2000,0.872896453431273
KEN,Kenya,fdi_pct_gdp,1999,0.402864561234926
KEN,Kenya,fdi_pct_gdp,1998,0.188365603434476
KEN,Kenya,fdi_pct_gdp,1997,0.473451703489222
KEN,Kenya,fdi_pct_gdp,1996,0.902159604566332
KEN,Kenya,fdi_pct_gdp,1995,0.467474589272783
KEN,Kenya,fdi_pct_gdp,1994,0.10397675056386
KEN,Kenya,fdi_pct_gdp,1993,2.53235257436033
KEN,Kenya,fdi_pct_gdp,1992,0.0775129679334538
KEN,Kenya,fdi_pct_gdp,1991,0.231012730760901
KEN,Kenya,fdi_pct_gdp,1990,0.665873838508099
KEN,Kenya,fdi_pct_gdp,1989,0.750803543300878
KEN,Kenya,fdi_pct_gdp,1988,0.00472067814834501
KEN,Kenya,fdi_pct_gdp,1987,0.494068896020697
KEN,Kenya,fdi_pct_gdp,1986,0.452068028927285
KEN,Kenya,fdi_pct_gdp,1985,0.470183996306104
KEN,Kenya,fdi_pct_gdp,1984,0.173683868473434
KEN,Kenya,fdi_pct_gdp,1983,0.397023838932397
KEN,Kenya,fdi_pct_gdp,1982,0.202141561739419
KEN,Kenya,fdi_pct_gdp,1981,0.206398341226068
KEN,Kenya,fdi_pct_gdp,1980,1.08699673317041
KEN,Kenya,fdi_pct_gdp,1979,1.34752378783443
KEN,Kenya,fdi_pct_gdp,1978,0.648865920299351
KEN,Kenya,fdi_pct_gdp,1977,1.25813218311747
KEN,Kenya,fdi_pct_gdp,1976,1.33461750150882
KEN,Kenya,fdi_pct_gdp,1975,0.526447707435349
KEN,Kenya,fdi_pct_gdp,1974,0.788563124351843
KEN,Kenya,fdi_pct_gdp,1973,0.687923112376181
KEN,Kenya,fdi_pct_gdp,1972,0.298963707718004
KEN,Kenya,fdi_pct_gdp,1971,0.416106401738199
KEN,Kenya,fdi_pct_gdp,1970,0.860645653616457
KEN,Kenya,fdi_pct_gdp,1969,
KEN,Kenya,fdi_pct_gdp,1968,
KEN,Kenya,fdi_pct_gdp,1967,
KEN,Kenya,fdi_pct_gdp,1966,
KEN,Kenya,fdi_pct_gdp,1965,
KEN,Kenya,fdi_pct_gdp,1964,
KEN,Kenya,fdi_pct_gdp,1963,
KEN,Kenya,fdi_pct_gdp,1962,
KEN,Kenya,fdi_pct_gdp,1961,
KEN,Kenya,fdi_pct_gdp,1960,
KEN,Kenya,real_interest_rate,2025,
KEN,Kenya,real_interest_rate,2024,
KEN,Kenya,real_interest_rate,2023,7.75281849023132
KEN,Kenya,real_interest_rate,2022,5.02892163035786
KEN,Kenya,real_interest_rate,2021,7.42758100514372
KEN,Kenya,real_interest_rate,2020,6.7146344090674
KEN,Kenya,real_interest_rate,2019,7.83110074767397
KEN,Kenya,real_interest_rate,2018,8.48796047494691
KEN,Kenya,real_interest_rate,2017,5.65674761585907
KEN,Kenya,real_interest_rate,2016,10.1181287134987
KEN,Kenya,real_interest_rate,2015,6.26880578270384
KEN,Kenya,real_interest_rate,2014,8.24907899217324
KEN,Kenya,real_interest_rate,2013,9.29394635969954
KEN,Kenya,real_interest_rate,2012,9.31351134458288
KEN,Kenya,real_interest_rate,2011,4.52618583226898
KEN,Kenya,real_interest_rate,2010,12.526958492458
KEN,Kenya,real_interest_rate,2009,-10.0960035655484
KEN,Kenya,real_interest_rate,2008,-0.984996972294333
KEN,Kenya,real_interest_rate,2007,4.8190907881851
KEN,Kenya,real_interest_rate,2006,-8.00986697136364
KEN,Kenya,real_interest_rate,2005,7.6099875458817
KEN,Kenya,real_interest_rate,2004,5.04525759665487
KEN,Kenya,real_interest_rate,2003,9.77051092711813
KEN,Kenya,real_interest_rate,2002,17.3581406445427
KEN,Kenya,real_interest_rate,2001,17.8125009681691
KEN,Kenya,real_interest_rate,2000,15.3274334465867
KEN,Kenya,real_interest_rate,1999,17.4540487833673
KEN,Kenya,real_interest_rate,1998,21.0963260259133
KEN,Kenya,real_interest_rate,1997,16.8795684948995
KEN,Kenya,real_interest_rate,1996,-5.77658854011696
KEN,Kenya,real_interest_rate,1995,15.8016483365158
KEN,Kenya,real_interest_rate,1994,16.4281098918437
KEN,Kenya,real_interest_rate,1993,3.41347240700281
KEN,Kenya,real_interest_rate,1992,1.82532918773243
KEN,Kenya,real_interest_rate,1991,5.74551264802526
KEN,Kenya,real_interest_rate,1990,7.33279706635565
KEN,Kenya,real_interest_rate,1989,6.81521193479502
KEN,Kenya,real_interest_rate,1988,8.02623231888559
KEN,Kenya,real_interest_rate,1987,8.15738963669798
KEN,Kenya,real_interest_rate,1986,4.86449504635582
KEN,Kenya,real_interest_rate,1985,5.25753765155904
KEN,Kenya,real_interest_rate,1984,3.83512031878102
KEN,Kenya,real_interest_rate,1983,3.57239445099433
KEN,Kenya,real_interest_rate,1982,2.60541241415496
KEN,Kenya,real_interest_rate,1981,1.41050608362637
KEN,Kenya,real_interest_rate,1980,0.94258923773195
KEN,Kenya,real_interest_rate,1979,4.12856107261762
KEN,Kenya,real_interest_rate,1978,6.71220181261041
KEN,Kenya,real_interest_rate,1977,-5.90233636175517
KEN,Kenya,real_interest_rate,1976,-7.49008375542714
KEN,Kenya,real_interest_rate,1975,-1.64090565817068
KEN,Kenya,real_interest_rate,1974,-5.64352717003773
KEN,Kenya,real_interest_rate,1973,-1.09237705780837
KEN,Kenya,real_interest_rate,1972,7.70192699084449
KEN,Kenya,real_interest_rate,1971,20.0693863331071
KEN,Kenya,real_interest_rate,1970,
KEN,Kenya,real_interest_rate,1969,
KEN,Kenya,real_interest_rate,1968,
KEN,Kenya,real_interest_rate,1967,
KEN,Kenya,real_interest_rate,1966,
KEN,Kenya,real_interest_rate,1965,
KEN,Kenya,real_interest_rate,1964,
KEN,Kenya,real_interest_rate,1963,
KEN,Kenya,real_interest_rate,1962,
KEN,Kenya,real_interest_rate,1961,
KEN,Kenya,real_interest_rate,1960,
KEN,Kenya,unemployment,2025,5.449
KEN,Kenya,unemployment,2024,5.487
KEN,Kenya,unemployment,2023,5.409
KEN,Kenya,unemployment,2022,5.565
KEN,Kenya,unemployment,2021,5.693
KEN,Kenya,unemployment,2020,5.613
KEN,Kenya,unemployment,2019,5.014
KEN,Kenya,unemployment,2018,4.284
KEN,Kenya,unemployment,2017,3.542
KEN,Kenya,unemployment,2016,2.757
KEN,Kenya,unemployment,2015,2.762
KEN,Kenya,unemployment,2014,2.767
KEN,Kenya,unemployment,2013,2.762
KEN,Kenya,unemployment,2012,2.678
KEN,Kenya,unemployment,2011,2.699
KEN,Kenya,unemployment,2010,2.793
KEN,Kenya,unemployment,2009,2.816
KEN,Kenya,unemployment,2008,2.751
KEN,Kenya,unemployment,2007,2.642
KEN,Kenya,unemployment,2006,2.673
KEN,Kenya,unemployment,2005,2.739
KEN,Kenya,unemployment,2004,2.844
KEN,Kenya,unemployment,2003,2.869
KEN,Kenya,unemployment,2002,2.916
KEN,Kenya,unemployment,2001,2.876
KEN,Kenya,unemployment,2000,2.884
KEN,Kenya,unemployment,1999,2.884
KEN,Kenya,unemployment,1998,2.843
KEN,Kenya,unemployment,1997,2.818
KEN,Kenya,unemployment,1996,2.773
KEN,Kenya,unemployment,1995,2.848
KEN,Kenya,unemployment,1994,2.955
KEN,Kenya,unemployment,1993,2.979
KEN,Kenya,unemployment,1992,2.894
KEN,Kenya,unemployment,1991,2.78
KEN,Kenya,unemployment,1990,
KEN,Kenya,unemployment,1989,
KEN,Kenya,unemployment,1988,
KEN,Kenya,unemployment,1987,
KEN,Kenya,unemployment,1986,
KEN,Kenya,unemployment,1985,
KEN,Kenya,unemployment,1984,
KEN,Kenya,unemployment,1983,
KEN,Kenya,unemployment,1982,
KEN,Kenya,unemployment,1981,
KEN,Kenya,unemployment,1980,
KEN,Kenya,unemployment,1979,
KEN,Kenya,unemployment,1978,
KEN,Kenya,unemployment,1977,
KEN,Kenya,unemployment,1976,
KEN,Kenya,unemployment,1975,
KEN,Kenya,unemployment,1974,
KEN,Kenya,unemployment,1973,
KEN,Kenya,unemployment,1972,
KEN,Kenya,unemployment,1971,
KEN,Kenya,unemployment,1970,
KEN,Kenya,unemployment,1969,
KEN,Kenya,unemployment,1968,
KEN,Kenya,unemployment,1967,
KEN,Kenya,unemployment,1966,
KEN,Kenya,unemployment,1965,
KEN,Kenya,unemployment,1964,
KEN,Kenya,unemployment,1963,
KEN,Kenya,unemployment,1962,
KEN,Kenya,unemployment,1961,
KEN,Kenya,unemployment,1960,
KEN,Kenya,industry_value_added,2025,
KEN,Kenya,industry_value_added,2024,16.4676669412723
KEN,Kenya,industry_value_added,2023,17.1222148239844
KEN,Kenya,industry_value_added,2022,17.5274480968435
KEN,Kenya,industry_value_added,2021,17.1524357767952
KEN,Kenya,industry_value_added,2020,17.4002876322786
KEN,Kenya,industry_value_added,2019,16.9305452274709
KEN,Kenya,industry_value_added,2018,17.313146131064
KEN,Kenya,industry_value_added,2017,17.5035092078691
KEN,Kenya,industry_value_added,2016,18.1621592865164
KEN,Kenya,industry_value_added,2015,18.8940456983605
KEN,Kenya,industry_value_added,2014,19.0360328023672
KEN,Kenya,industry_value_added,2013,19.0802591143975
KEN,Kenya,industry_value_added,2012,19.26155255789
KEN,Kenya,industry_value_added,2011,19.6629008334867
KEN,Kenya,industry_value_added,2010,18.5746727706851
KEN,Kenya,industry_value_added,2009,18.386624667775
KEN,Kenya,industry_value_added,2008,18.5827717274425
KEN,Kenya,industry_value_added,2007,19.3021680815154
KEN,Kenya,industry_value_added,2006,19.3841059353688
KEN,Kenya,industry_value_added,2005,17.0126260396617
KEN,Kenya,industry_value_added,2004,16.2050773387406
KEN,Kenya,industry_value_added,2003,15.6231500412624
KEN,Kenya,industry_value_added,2002,15.4535611803669
KEN,Kenya,industry_value_added,2001,15.3096240912508
KEN,Kenya,industry_value_added,2000,15.0158560285564
KEN,Kenya,industry_value_added,1999,14.915302558375
KEN,Kenya,industry_value_added,1998,15.5421633218862
KEN,Kenya,industry_value_added,1997,15.926383171516
KEN,Kenya,industry_value_added,1996,16.3920534652717
KEN,Kenya,industry_value_added,1995,13.5565179326743
KEN,Kenya,industry_value_added,1994,14.5520570887762
KEN,Kenya,industry_value_added,1993,14.3670196698653
KEN,Kenya,industry_value_added,1992,15.8460707265979
KEN,Kenya,industry_value_added,1991,17.0035108667738
KEN,Kenya,industry_value_added,1990,16.3257927194842
KEN,Kenya,industry_value_added,1989,16.3699112873458
KEN,Kenya,industry_value_added,1988,16.7532821189209
KEN,Kenya,industry_value_added,1987,15.929756823564
KEN,Kenya,industry_value_added,1986,16.1804594237027
KEN,Kenya,industry_value_added,1985,16.7407322173242
KEN,Kenya,industry_value_added,1984,16.4291493076177
KEN,Kenya,industry_value_added,1983,16.9086920577645
KEN,Kenya,industry_value_added,1982,17.3095812253195
KEN,Kenya,industry_value_added,1981,17.3890608875129
KEN,Kenya,industry_value_added,1980,17.7777789731857
KEN,Kenya,industry_value_added,1979,17.3203995365205
KEN,Kenya,industry_value_added,1978,17.4325155020417
KEN,Kenya,industry_value_added,1977,15.8669847841282
KEN,Kenya,industry_value_added,1976,16.3573163181068
KEN,Kenya,industry_value_added,1975,17.886688393081
KEN,Kenya,industry_value_added,1974,18.3228056943528
KEN,Kenya,industry_value_added,1973,18.643971308209
KEN,Kenya,industry_value_added,1972,18.6805740100983
KEN,Kenya,industry_value_added,1971,18.2873067355229
KEN,Kenya,industry_value_added,1970,17.9722697586701
KEN,Kenya,industry_value_added,1969,18.0435826053566
KEN,Kenya,industry_value_added,1968,17.6611768600513
KEN,Kenya,industry_value_added,1967,17.4670604270786
KEN,Kenya,industry_value_added,1966,16.280353897529
KEN,Kenya,industry_value_added,1965,16.6666713430615
KEN,Kenya,industry_value_added,1964,15.4723912808443
KEN,Kenya,industry_value_added,1963,13.9790024866669
KEN,Kenya,industry_value_added,1962,15.4286588458886
KEN,Kenya,industry_value_added,1961,17.1380695104351
KEN,Kenya,industry_value_added,1960,16.8899002147668
KEN,Kenya,electricity_access,2025,
KEN,Kenya,electricity_access,2024,
KEN,Kenya,electricity_access,2023,76.2
KEN,Kenya,electricity_access,2022,76.0
KEN,Kenya,electricity_access,2021,76.5
KEN,Kenya,electricity_access,2020,71.5
KEN,Kenya,electricity_access,2019,69.7
KEN,Kenya,electricity_access,2018,61.2
KEN,Kenya,electricity_access,2017,55.8
KEN,Kenya,electricity_access,2016,53.1
KEN,Kenya,electricity_access,2015,41.6
KEN,Kenya,electricity_access,2014,36.0
KEN,Kenya,electricity_access,2013,40.1
KEN,Kenya,electricity_access,2012,38.1
KEN,Kenya,electricity_access,2011,36.2
KEN,Kenya,electricity_access,2010,19.2
KEN,Kenya,electricity_access,2009,23.0
KEN,Kenya,electricity_access,2008,30.3
KEN,Kenya,electricity_access,2007,28.3
KEN,Kenya,electricity_access,2006,26.4
KEN,Kenya,electricity_access,2005,24.5
KEN,Kenya,electricity_access,2004,22.6
KEN,Kenya,electricity_access,2003,16.0
KEN,Kenya,electricity_access,2002,18.9
KEN,Kenya,electricity_access,2001,17.0
KEN,Kenya,electricity_access,2000,15.2
KEN,Kenya,electricity_access,1999,13.2088918685913
KEN,Kenya,electricity_access,1998,14.5
KEN,Kenya,electricity_access,1997,9.32631778717041
KEN,Kenya,electricity_access,1996,7.37853050231934
KEN,Kenya,electricity_access,1995,5.42734336853027
KEN,Kenya,electricity_access,1994,3.47343683242798
KEN,Kenya,electricity_access,1993,10.9
KEN,Kenya,electricity_access,1992,
KEN,Kenya,electricity_access,1991,
KEN,Kenya,electricity_access,1990,
KEN,Kenya,electricity_access,1989,
KEN,Kenya,electricity_access,1988,
KEN,Kenya,electricity_access,1987,
KEN,Kenya,electricity_access,1986,
KEN,Kenya,electricity_access,1985,
KEN,Kenya,electricity_access,1984,
KEN,Kenya,electricity_access,1983,
KEN,Kenya,electricity_access,1982,
KEN,Kenya,electricity_access,1981,
KEN,Kenya,electricity_access,1980,
KEN,Kenya,electricity_access,1979,
KEN,Kenya,electricity_access,1978,
KEN,Kenya,electricity_access,1977,
KEN,Kenya,electricity_access,1976,
KEN,Kenya,electricity_access,1975,
KEN,Kenya,electricity_access,1974,
KEN,Kenya,electricity_access,1973,
KEN,Kenya,electricity_access,1972,
KEN,Kenya,electricity_access,1971,
KEN,Kenya,electricity_access,1970,
KEN,Kenya,electricity_access,1969,
KEN,Kenya,electricity_access,1968,
KEN,Kenya,electricity_access,1967,
KEN,Kenya,electricity_access,1966,
KEN,Kenya,electricity_access,1965,
KEN,Kenya,electricity_access,1964,
KEN,Kenya,electricity_access,1963,
KEN,Kenya,electricity_access,1962,
KEN,Kenya,electricity_access,1961,
KEN,Kenya,electricity_access,1960,
EGY,Egypt,gdp_growth,2025,
EGY,Egypt,gdp_growth,2024,2.3991692678251
EGY,Egypt,gdp_growth,2023,3.76028052279247
EGY,Egypt,gdp_growth,2022,6.58784560886967
EGY,Egypt,gdp_growth,2021,3.29064601202211
EGY,Egypt,gdp_growth,2020,3.55016483786838
EGY,Egypt,gdp_growth,2019,5.55209307156956
EGY,Egypt,gdp_growth,2018,5.3311086189448
EGY,Egypt,gdp_growth,2017,4.18122099994778
EGY,Egypt,gdp_growth,2016,4.34664345555447
EGY,Egypt,gdp_growth,2015,4.37201907790141
EGY,Egypt,gdp_growth,2014,2.91591187985748
EGY,Egypt,gdp_growth,2013,2.18546605362143
EGY,Egypt,gdp_growth,2012,2.22619979863525
EGY,Egypt,gdp_growth,2011,1.7645719489982
EGY,Egypt,gdp_growth,2010,5.1472348575531
EGY,Egypt,gdp_growth,2009,4.67359979952391
EGY,Egypt,gdp_growth,2008,7.15628356605819
EGY,Egypt,gdp_growth,2007,7.08782742681038
EGY,Egypt,gdp_growth,2006,6.84383819379117
EGY,Egypt,gdp_growth,2005,4.47174447174434
EGY,Egypt,gdp_growth,2004,4.0920716112534
EGY,Egypt,gdp_growth,2003,3.19345473739745
EGY,Egypt,gdp_growth,2002,2.39020402573726
EGY,Egypt,gdp_growth,2001,3.53525197391507
EGY,Egypt,gdp_growth,2000,6.37000382991766
EGY,Egypt,gdp_growth,1999,6.05343878467555
EGY,Egypt,gdp_growth,1998,5.575497460986
EGY,Egypt,gdp_growth,1997,5.49235474302942
EGY,Egypt,gdp_growth,1996,4.98873056512208
EGY,Egypt,gdp_growth,1995,4.64245877240639
EGY,Egypt,gdp_growth,1994,3.97317218034541
EGY,Egypt,gdp_growth,1993,2.90079079959442
EGY,Egypt,gdp_growth,1992,4.47285918408184
EGY,Egypt,gdp_growth,1991,1.12540459520747
EGY,Egypt,gdp_growth,1990,5.66702915715818
EGY,Egypt,gdp_growth,1989,4.92086860390228
EGY,Egypt,gdp_growth,1988,5.46132049551341
EGY,Egypt,gdp_growth,1987,3.83275261319132
EGY,Egypt,gdp_growth,1986,4.74452554738158
EGY,Egypt,gdp_growth,1985,5.79150579142357
EGY,Egypt,gdp_growth,1984,9.74576271171259
EGY,Egypt,gdp_growth,1983,5.09440684048046
EGY,Egypt,gdp_growth,1982,9.90717113397825
EGY,Egypt,gdp_growth,1981,7.3485538963286
EGY,Egypt,gdp_growth,1980,10.0113290379907
EGY,Egypt,gdp_growth,1979,4.54768962839718
EGY,Egypt,gdp_growth,1978,8.62876764493188
EGY,Egypt,gdp_growth,1977,9.00304426675032
EGY,Egypt,gdp_growth,1976,13.2796894430741
EGY,Egypt,gdp_growth,1975,8.93914715890884
EGY,Egypt,gdp_growth,1974,1.55893857170508
EGY,Egypt,gdp_growth,1973,3.50683016247268
EGY,Egypt,gdp_growth,1972,3.05568062514286
EGY,Egypt,gdp_growth,1971,4.05734632653112
EGY,Egypt,gdp_growth,1970,5.59851503851672
EGY,Egypt,gdp_growth,1969,5.27951751357089
EGY,Egypt,gdp_growth,1968,-1.60679234956356
EGY,Egypt,gdp_growth,1967,0.805264127039209
EGY,Egypt,gdp_growth,1966,5.04640371248233
EGY,Egypt,gdp_growth,1965,4.91404229223662
EGY,Egypt,gdp_growth,1964,11.5075774740325
EGY,Egypt,gdp_growth,1963,10.5180926173666
EGY,Egypt,gdp_growth,1962,3.87561672369634
EGY,Egypt,gdp_growth,1961,5.16111414342448
EGY,Egypt,gdp_growth,1960,
EGY,Egypt,inflation,2025,
EGY,Egypt,inflation,2024,28.2705899322083
EGY,Egypt,inflation,2023,33.8847763115546
EGY,Egypt,inflation,2022,13.8956609775178
EGY,Egypt,inflation,2021,5.21404940513043
EGY,Egypt,inflation,2020,5.04493288977539
EGY,Egypt,inflation,2019,9.15279959324804
EGY,Egypt,inflation,2018,14.4014657807422
EGY,Egypt,inflation,2017,29.5066083940039
EGY,Egypt,inflation,2016,13.813606214829
EGY,Egypt,inflation,2015,10.370490343517
EGY,Egypt,inflation,2014,10.0702154687481
EGY,Egypt,inflation,2013,9.46971981064921
EGY,Egypt,inflation,2012,7.11172943343083
EGY,Egypt,inflation,2011,10.0649259874818
EGY,Egypt,inflation,2010,11.2651882653185
EGY,Egypt,inflation,2009,11.7634954386443
EGY,Egypt,inflation,2008,18.3168316831684
EGY,Egypt,inflation,2007,9.3189690579923
EGY,Egypt,inflation,2006,7.64452644526434
EGY,Egypt,inflation,2005,4.86939696871988
EGY,Egypt,inflation,2004,11.270619332052
EGY,Egypt,inflation,2003,4.50777636319304
EGY,Egypt,inflation,2002,2.73723855000334
EGY,Egypt,inflation,2001,2.26975720475956
EGY,Egypt,inflation,2000,2.68380535348546
EGY,Egypt,inflation,1999,3.07949912638332
EGY,Egypt,inflation,1998,3.8725754642749
EGY,Egypt,inflation,1997,4.62560578826438
EGY,Egypt,inflation,1996,7.18710369719992
EGY,Egypt,inflation,1995,15.7422305021596
EGY,Egypt,inflation,1994,8.15423128587096
EGY,Egypt,inflation,1993,12.0897922868977
EGY,Egypt,inflation,1992,13.6374241717218
EGY,Egypt,inflation,1991,19.7485448195578
EGY,Egypt,inflation,1990,16.7563747077691
EGY,Egypt,inflation,1989,21.2618670886078
EGY,Egypt,inflation,1988,17.66348615313
EGY,Egypt,inflation,1987,19.693593314763
EGY,Egypt,inflation,1986,23.8642898217366
EGY,Egypt,inflation,1985,12.1067560598247
EGY,Egypt,inflation,1984,17.0363663799608
EGY,Egypt,inflation,1983,16.079873883342
EGY,Egypt,inflation,1982,14.8230088495577
EGY,Egypt,inflation,1981,10.3172842245396
EGY,Egypt,inflation,1980,20.8192249324218
EGY,Egypt,inflation,1979,9.90436051231129
EGY,Egypt,inflation,1978,11.078100382614
EGY,Egypt,inflation,1977,12.7321627929891
EGY,Egypt,inflation,1976,10.3174158877413
EGY,Egypt,inflation,1975,9.66969548151245
EGY,Egypt,inflation,1974,10.0243177516484
EGY,Egypt,inflation,1973,5.11218403908757
EGY,Egypt,inflation,1972,2.10236334610113
EGY,Egypt,inflation,1971,3.14042171394198
EGY,Egypt,inflation,1970,3.76289859580536
EGY,Egypt,inflation,1969,3.40982028243742
EGY,Egypt,inflation,1968,-1.6757594245691
EGY,Egypt,inflation,1967,0.70189748435374
EGY,Egypt,inflation,1966,9.0364406581763
EGY,Egypt,inflation,1965,14.8390044616241
EGY,Egypt,inflation,1964,3.66098294885468
EGY,Egypt,inflation,1963,0.74664570813543
EGY,Egypt,inflation,1962,-3.00307658790784
EGY,Egypt,inflation,1961,0.693606754935329
EGY,Egypt,inflation,1960,0.332829047091752
EGY,Egypt,debt_to_gdp,2025,
EGY,Egypt,debt_to_gdp,2024,
EGY,Egypt,debt_to_gdp,2023,
EGY,Egypt,debt_to_gdp,2022,
EGY,Egypt,debt_to_gdp,2021,
EGY,Egypt,debt_to_gdp,2020,
EGY,Egypt,debt_to_gdp,2019,
EGY,Egypt,debt_to_gdp,2018,
EGY,Egypt,debt_to_gdp,2017,
EGY,Egypt,debt_to_gdp,2016,
EGY,Egypt,debt_to_gdp,2015,
EGY,Egypt,debt_to_gdp,2014,
EGY,Egypt,debt_to_gdp,2013,
EGY,Egypt,debt_to_gdp,2012,
EGY,Egypt,debt_to_gdp,2011,
EGY,Egypt,debt_to_gdp,2010,
EGY,Egypt,debt_to_gdp,2009,
EGY,Egypt,debt_to_gdp,2008,
EGY,Egypt,debt_to_gdp,2007,85.7885338345865
EGY,Egypt,debt_to_gdp,2006,
EGY,Egypt,debt_to_gdp,2005,
EGY,Egypt,debt_to_gdp,2004,
EGY,Egypt,debt_to_gdp,2003,
EGY,Egypt,debt_to_gdp,2002,
EGY,Egypt,debt_to_gdp,2001,
EGY,Egypt,debt_to_gdp,2000,
EGY,Egypt,debt_to_gdp,1999,
EGY,Egypt,debt_to_gdp,1998,
EGY,Egypt,debt_to_gdp,1997,
EGY,Egypt,debt_to_gdp,1996,
EGY,Egypt,debt_to_gdp,1995,
EGY,Egypt,debt_to_gdp,1994,
EGY,Egypt,debt_to_gdp,1993,
EGY,Egypt,debt_to_gdp,1992,
EGY,Egypt,debt_to_gdp,1991,
EGY,Egypt,debt_to_gdp,1990,
EGY,Egypt,debt_to_gdp,1989,
EGY,Egypt,debt_to_gdp,1988,
EGY,Egypt,debt_to_gdp,1987,
EGY,Egypt,debt_to_gdp,1986,
EGY,Egypt,debt_to_gdp,1985,
EGY,Egypt,debt_to_gdp,1984,
EGY,Egypt,debt_to_gdp,1983,
EGY,Egypt,debt_to_gdp,1982,
EGY,Egypt,debt_to_gdp,1981,
EGY,Egypt,debt_to_gdp,1980,
EGY,Egypt,debt_to_gdp,1979,
EGY,Egypt,debt_to_gdp,1978,
EGY,Egypt,debt_to_gdp,1977,
EGY,Egypt,debt_to_gdp,1976,
EGY,Egypt,debt_to_gdp,1975,
EGY,Egypt,debt_to_gdp,1974,
EGY,Egypt,debt_to_gdp,1973,
EGY,Egypt,debt_to_gdp,1972,
EGY,Egypt,debt_to_gdp,1971,
EGY,Egypt,debt_to_gdp,1970,
EGY,Egypt,debt_to_gdp,1969,
EGY,Egypt,debt_to_gdp,1968,
EGY,Egypt,debt_to_gdp,1967,
EGY,Egypt,debt_to_gdp,1966,
EGY,Egypt,debt_to_gdp,1965,
EGY,Egypt,debt_to_gdp,1964,
EGY,Egypt,debt_to_gdp,1963,
EGY,Egypt,debt_to_gdp,1962,
EGY,Egypt,debt_to_gdp,1961,
EGY,Egypt,debt_to_gdp,1960,
EGY,Egypt,exports_to_gdp,2025,
EGY,Egypt,exports_to_gdp,2024,16.3762422101126
EGY,Egypt,exports_to_gdp,2023,19.1060913405676
EGY,Egypt,exports_to_gdp,2022,15.0870258208479
EGY,Egypt,exports_to_gdp,2021,10.5611502153652
EGY,Egypt,exports_to_gdp,2020,12.4727757370868
EGY,Egypt,exports_to_gdp,2019,16.6440314510365
EGY,Egypt,exports_to_gdp,2018,17.984655608418
EGY,Egypt,exports_to_gdp,2017,15.0140868185672
EGY,Egypt,exports_to_gdp,2016,10.3454639403558
EGY,Egypt,exports_to_gdp,2015,13.1838454928598
EGY,Egypt,exports_to_gdp,2014,14.2441314553991
EGY,Egypt,exports_to_gdp,2013,17.0178456245969
EGY,Egypt,exports_to_gdp,2012,16.3969666208873
EGY,Egypt,exports_to_gdp,2011,20.5674276128656
EGY,Egypt,exports_to_gdp,2010,21.3492458146859
EGY,Egypt,exports_to_gdp,2009,24.9568221070812
EGY,Egypt,exports_to_gdp,2008,33.0429927414852
EGY,Egypt,exports_to_gdp,2007,30.249731471536
EGY,Egypt,exports_to_gdp,2006,29.9498138254816
EGY,Egypt,exports_to_gdp,2005,30.3435468895079
EGY,Egypt,exports_to_gdp,2004,28.2299608489594
EGY,Egypt,exports_to_gdp,2003,21.7964071856287
EGY,Egypt,exports_to_gdp,2002,18.3161784111903
EGY,Egypt,exports_to_gdp,2001,17.4797881237803
EGY,Egypt,exports_to_gdp,2000,16.2011173184358
EGY,Egypt,exports_to_gdp,1999,15.0520156046814
EGY,Egypt,exports_to_gdp,1998,16.214335421016
EGY,Egypt,exports_to_gdp,1997,18.8416698006769
EGY,Egypt,exports_to_gdp,1996,20.7497820401046
EGY,Egypt,exports_to_gdp,1995,22.5490196078431
EGY,Egypt,exports_to_gdp,1994,22.5714285714286
EGY,Egypt,exports_to_gdp,1993,25.8376288659794
EGY,Egypt,exports_to_gdp,1992,28.3968368080518
EGY,Egypt,exports_to_gdp,1991,27.4666666666667
EGY,Egypt,exports_to_gdp,1990,20.3549060542798
EGY,Egypt,exports_to_gdp,1989,17.7922077922078
EGY,Egypt,exports_to_gdp,1988,17.3701298701299
EGY,Egypt,exports_to_gdp,1987,12.621359223301
EGY,Egypt,exports_to_gdp,1986,13.8321995464853
EGY,Egypt,exports_to_gdp,1985,18.230563002681
EGY,Egypt,exports_to_gdp,1984,20.5696202531646
EGY,Egypt,exports_to_gdp,1983,22.9323308270677
EGY,Egypt,exports_to_gdp,1982,26.3332739579622
EGY,Egypt,exports_to_gdp,1981,30.961436324455
EGY,Egypt,exports_to_gdp,1980,30.5146382873328
EGY,Egypt,exports_to_gdp,1979,26.4927384576357
EGY,Egypt,exports_to_gdp,1978,19.9031709963356
EGY,Egypt,exports_to_gdp,1977,21.5861338140538
EGY,Egypt,exports_to_gdp,1976,17.167317960803
EGY,Egypt,exports_to_gdp,1975,18.1679418083142
EGY,Egypt,exports_to_gdp,1974,20.367410342421
EGY,Egypt,exports_to_gdp,1973,13.5351513635226
EGY,Egypt,exports_to_gdp,1972,12.7102388034806
EGY,Egypt,exports_to_gdp,1971,13.2416980181888
EGY,Egypt,exports_to_gdp,1970,13.568215892054
EGY,Egypt,exports_to_gdp,1969,13.4528315891041
EGY,Egypt,exports_to_gdp,1968,11.7999212288302
EGY,Egypt,exports_to_gdp,1967,16.8257850718005
EGY,Egypt,exports_to_gdp,1966,16.3333742281111
EGY,Egypt,exports_to_gdp,1965,17.1308761862723
EGY,Egypt,exports_to_gdp,1964,18.3980463980464
EGY,Egypt,exports_to_gdp,1963,17.7588574567427
EGY,Egypt,exports_to_gdp,1962,15.0523800771917
EGY,Egypt,exports_to_gdp,1961,17.6463071811909
EGY,Egypt,exports_to_gdp,1960,19.8661933369743
EGY,Egypt,imports_to_gdp,2025,
EGY,Egypt,imports_to_gdp,2024,23.2245098772607
EGY,Egypt,imports_to_gdp,2023,21.3443094314355
EGY,Egypt,imports_to_gdp,2022,21.8960790564233
EGY,Egypt,imports_to_gdp,2021,19.295823265447
EGY,Egypt,imports_to_gdp,2020,19.6534798296655
EGY,Egypt,imports_to_gdp,2019,24.4799857040743
EGY,Egypt,imports_to_gdp,2018,27.9263640649779
EGY,Egypt,imports_to_gdp,2017,27.8180475395935
EGY,Egypt,imports_to_gdp,2016,19.9010851110947
EGY,Egypt,imports_to_gdp,2015,21.6620974671631
EGY,Egypt,imports_to_gdp,2014,22.6760563380282
EGY,Egypt,imports_to_gdp,2013,23.3551924317351
EGY,Egypt,imports_to_gdp,2012,24.3148026512211
EGY,Egypt,imports_to_gdp,2011,24.6882065494858
EGY,Egypt,imports_to_gdp,2010,26.5871042599039
EGY,Egypt,imports_to_gdp,2009,31.596622529265
EGY,Egypt,imports_to_gdp,2008,38.6376326074819
EGY,Egypt,imports_to_gdp,2007,34.828141783029
EGY,Egypt,imports_to_gdp,2006,31.5687226809131
EGY,Egypt,imports_to_gdp,2005,32.6090993500464
EGY,Egypt,imports_to_gdp,2004,29.5899443643107
EGY,Egypt,imports_to_gdp,2003,24.3832335329341
EGY,Egypt,imports_to_gdp,2002,22.6708894167326
EGY,Egypt,imports_to_gdp,2001,22.330638416504
EGY,Egypt,imports_to_gdp,2000,22.8168185827698
EGY,Egypt,imports_to_gdp,1999,23.3094928478544
EGY,Egypt,imports_to_gdp,1998,25.7132915796799
EGY,Egypt,imports_to_gdp,1997,24.8965776607747
EGY,Egypt,imports_to_gdp,1996,26.1987794245859
EGY,Egypt,imports_to_gdp,1995,27.6960784313726
EGY,Egypt,imports_to_gdp,1994,28.0571428571429
EGY,Egypt,imports_to_gdp,1993,30.090206185567
EGY,Egypt,imports_to_gdp,1992,30.9130122214234
EGY,Egypt,imports_to_gdp,1991,35.3777777777778
EGY,Egypt,imports_to_gdp,1990,32.5678496868476
EGY,Egypt,imports_to_gdp,1989,32.3376623376623
EGY,Egypt,imports_to_gdp,1988,35.2272727272727
EGY,Egypt,imports_to_gdp,1987,22.7184466019417
EGY,Egypt,imports_to_gdp,1986,22.2222222222222
EGY,Egypt,imports_to_gdp,1985,27.8820375335121
EGY,Egypt,imports_to_gdp,1984,31.9620253164557
EGY,Egypt,imports_to_gdp,1983,34.2105263157895
EGY,Egypt,imports_to_gdp,1982,37.8687210545066
EGY,Egypt,imports_to_gdp,1981,43.498141105081
EGY,Egypt,imports_to_gdp,1980,42.8683992756551
EGY,Egypt,imports_to_gdp,1979,42.9715246067986
EGY,Egypt,imports_to_gdp,1978,33.9362115908207
EGY,Egypt,imports_to_gdp,1977,31.365790082705
EGY,Egypt,imports_to_gdp,1976,27.9181457506786
EGY,Egypt,imports_to_gdp,1975,35.546300832925
EGY,Egypt,imports_to_gdp,1974,31.2974177716743
EGY,Egypt,imports_to_gdp,1973,18.1611208406305
EGY,Egypt,imports_to_gdp,1972,17.3751077256679
EGY,Egypt,imports_to_gdp,1971,17.7829783452321
EGY,Egypt,imports_to_gdp,1970,17.0945777111444
EGY,Egypt,imports_to_gdp,1969,16.5330661322645
EGY,Egypt,imports_to_gdp,1968,17.4635683339898
EGY,Egypt,imports_to_gdp,1967,19.1139340381884
EGY,Egypt,imports_to_gdp,1966,20.4841941684047
EGY,Egypt,imports_to_gdp,1965,20.1324210990951
EGY,Egypt,imports_to_gdp,1964,24.8742368742369
EGY,Egypt,imports_to_gdp,1963,23.5869266684977
EGY,Egypt,imports_to_gdp,1962,19.5184708693255
EGY,Egypt,imports_to_gdp,1961,19.7418860209558
EGY,Egypt,imports_to_gdp,1960,21.8255051884216
EGY,Egypt,real_interest_rate,2025,
EGY,Egypt,real_interest_rate,2024,-7.03099094109369
EGY,Egypt,real_interest_rate,2023,-5.64166239964291
EGY,Egypt,real_interest_rate,2022,0.142669652477037
EGY,Egypt,real_interest_rate,2021,4.36620669870869
EGY,Egypt,real_interest_rate,2020,4.88781543020781
EGY,Egypt,real_interest_rate,2019,2.19909578279478
EGY,Egypt,real_interest_rate,2018,-2.35870301315836
EGY,Egypt,real_interest_rate,2017,-8.75819408094445
EGY,Egypt,real_interest_rate,2016,6.92201135491608
EGY,Egypt,real_interest_rate,2015,1.54106846018941
EGY,Egypt,real_interest_rate,2014,0.414129139027758
EGY,Egypt,real_interest_rate,2013,3.29215715258359
EGY,Egypt,real_interest_rate,2012,-6.26271950249128
EGY,Egypt,real_interest_rate,2011,-0.563878053386473
EGY,Egypt,real_interest_rate,2010,0.818721618124323
EGY,Egypt,real_interest_rate,2009,0.710036320068467
EGY,Egypt,real_interest_rate,2008,0.107853154662391
EGY,Egypt,real_interest_rate,2007,-0.0776285947232149
EGY,Egypt,real_interest_rate,2006,4.88079671789458
EGY,Egypt,real_interest_rate,2005,6.52364099171329
EGY,Egypt,real_interest_rate,2004,1.52690342883876
EGY,Egypt,real_interest_rate,2003,6.32702594810347
EGY,Egypt,real_interest_rate,2002,10.300031943995
EGY,Egypt,real_interest_rate,2001,11.2145133756357
EGY,Egypt,real_interest_rate,2000,8.919600974251
EGY,Egypt,real_interest_rate,1999,11.9358224030606
EGY,Egypt,real_interest_rate,1998,10.3918989204567
EGY,Egypt,real_interest_rate,1997,3.56345275833201
EGY,Egypt,real_interest_rate,1996,7.91322048801275
EGY,Egypt,real_interest_rate,1995,4.55215763100247
EGY,Egypt,real_interest_rate,1994,7.43541940070965
EGY,Egypt,real_interest_rate,1993,9.10124138379186
EGY,Egypt,real_interest_rate,1992,1.67092489009465
EGY,Egypt,real_interest_rate,1991,3.20463879555006
EGY,Egypt,real_interest_rate,1990,1.06753529927353
EGY,Egypt,real_interest_rate,1989,-0.67491105497254
EGY,Egypt,real_interest_rate,1988,3.1586341957331
EGY,Egypt,real_interest_rate,1987,3.43556713232139
EGY,Egypt,real_interest_rate,1986,1.88245857947696
EGY,Egypt,real_interest_rate,1985,3.06872172815906
EGY,Egypt,real_interest_rate,1984,6.23806586554709
EGY,Egypt,real_interest_rate,1983,2.03007518839485
EGY,Egypt,real_interest_rate,1982,-7.80148477362347
EGY,Egypt,real_interest_rate,1981,17.584790467056
EGY,Egypt,real_interest_rate,1980,0.802685991923364
EGY,Egypt,real_interest_rate,1979,-9.31164222576606
EGY,Egypt,real_interest_rate,1978,0.565092117486476
EGY,Egypt,real_interest_rate,1977,-3.11968024055757
EGY,Egypt,real_interest_rate,1976,-3.1679145663416
EGY,Egypt,real_interest_rate,1975,
EGY,Egypt,real_interest_rate,1974,
EGY,Egypt,real_interest_rate,1973,
EGY,Egypt,real_interest_rate,1972,
EGY,Egypt,real_interest_rate,1971,
EGY,Egypt,real_interest_rate,1970,
EGY,Egypt,real_interest_rate,1969,
EGY,Egypt,real_interest_rate,1968,
EGY,Egypt,real_interest_rate,1967,
EGY,Egypt,real_interest_rate,1966,
EGY,Egypt,real_interest_rate,1965,
EGY,Egypt,real_interest_rate,1964,
EGY,Egypt,real_interest_rate,1963,
EGY,Egypt,real_interest_rate,1962,
EGY,Egypt,real_interest_rate,1961,
EGY,Egypt,real_interest_rate,1960,
EGY,Egypt,unemployment,2025,6.781
EGY,Egypt,unemployment,2024,6.817
EGY,Egypt,unemployment,2023,6.753
EGY,Egypt,unemployment,2022,6.546
EGY,Egypt,unemployment,2021,7.441
EGY,Egypt,unemployment,2020,7.974
EGY,Egypt,unemployment,2019,7.851
EGY,Egypt,unemployment,2018,9.855
EGY,Egypt,unemployment,2017,11.767
EGY,Egypt,unemployment,2016,12.45
EGY,Egypt,unemployment,2015,13.052
EGY,Egypt,unemployment,2014,13.105
EGY,Egypt,unemployment,2013,13.154
EGY,Egypt,unemployment,2012,12.597
EGY,Egypt,unemployment,2011,11.849
EGY,Egypt,unemployment,2010,8.757
EGY,Egypt,unemployment,2009,9.087
EGY,Egypt,unemployment,2008,8.517
EGY,Egypt,unemployment,2007,8.8
EGY,Egypt,unemployment,2006,10.49
EGY,Egypt,unemployment,2005,11.049
EGY,Egypt,unemployment,2004,10.32
EGY,Egypt,unemployment,2003,10.91
EGY,Egypt,unemployment,2002,10.01
EGY,Egypt,unemployment,2001,9.26
EGY,Egypt,unemployment,2000,8.98
EGY,Egypt,unemployment,1999,7.95
EGY,Egypt,unemployment,1998,8.03
EGY,Egypt,unemployment,1997,8.37
EGY,Egypt,unemployment,1996,9.0
EGY,Egypt,unemployment,1995,11.04
EGY,Egypt,unemployment,1994,10.93
EGY,Egypt,unemployment,1993,10.92
EGY,Egypt,unemployment,1992,8.92
EGY,Egypt,unemployment,1991,9.38
EGY,Egypt,unemployment,1990,
EGY,Egypt,unemployment,1989,
EGY,Egypt,unemployment,1988,
EGY,Egypt,unemployment,1987,
EGY,Egypt,unemployment,1986,
EGY,Egypt,unemployment,1985,
EGY,Egypt,unemployment,1984,
EGY,Egypt,unemployment,1983,
EGY,Egypt,unemployment,1982,
EGY,Egypt,unemployment,1981,
EGY,Egypt,unemployment,1980,
EGY,Egypt,unemployment,1979,
EGY,Egypt,unemployment,1978,
EGY,Egypt,unemployment,1977,
EGY,Egypt,unemployment,1976,
EGY,Egypt,unemployment,1975,
EGY,Egypt,unemployment,1974,
EGY,Egypt,unemployment,1973,
EGY,Egypt,unemployment,1972,
EGY,Egypt,unemployment,1971,
EGY,Egypt,unemployment,1970,
EGY,Egypt,unemployment,1969,
EGY,Egypt,unemployment,1968,
EGY,Egypt,unemployment,1967,
EGY,Egypt,unemployment,1966,
EGY,Egypt,unemployment,1965,
EGY,Egypt,unemployment,1964,
EGY,Egypt,unemployment,1963,
EGY,Egypt,unemployment,1962,
EGY,Egypt,unemployment,1961,
EGY,Egypt,unemployment,1960,
EGY,Egypt,industry_value_added,2025,
EGY,Egypt,industry_value_added,2024,32.5624789967949
EGY,Egypt,industry_value_added,2023,32.7344752545444
EGY,Egypt,industry_value_added,2022,32.7114314313038
EGY,Egypt,industry_value_added,2021,31.1876357851451
EGY,Egypt,industry_value_added,2020,32.3694442999707
EGY,Egypt,industry_value_added,2019,35.8254244102931
EGY,Egypt,industry_value_added,2018,35.3298750589345
EGY,Egypt,industry_value_added,2017,34.3958677753768
EGY,Egypt,industry_value_added,2016,32.4559533476046
EGY,Egypt,industry_value_added,2015,36.6302017267482
EGY,Egypt,industry_value_added,2014,39.890323943662
EGY,Egypt,industry_value_added,2013,39.8869544184046
EGY,Egypt,industry_value_added,2012,39.2513148623634
EGY,Egypt,industry_value_added,2011,35.9517175990081
EGY,Egypt,industry_value_added,2010,35.7845184816841
EGY,Egypt,industry_value_added,2009,35.8164459796584
EGY,Egypt,industry_value_added,2008,36.2125516471245
EGY,Egypt,industry_value_added,2007,35.0653866809882
EGY,Egypt,industry_value_added,2006,36.1547353084021
EGY,Egypt,industry_value_added,2005,34.1486722376973
EGY,Egypt,industry_value_added,2004,34.6679167525242
EGY,Egypt,industry_value_added,2003,33.3705868263473
EGY,Egypt,industry_value_added,2002,32.5835048825548
EGY,Egypt,industry_value_added,2001,30.8988569835517
EGY,Egypt,industry_value_added,2000,30.7518670979124
EGY,Egypt,industry_value_added,1999,28.4008452535761
EGY,Egypt,industry_value_added,1998,28.6450939457203
EGY,Egypt,industry_value_added,1997,28.9996239187665
EGY,Egypt,industry_value_added,1996,29.5187445510026
EGY,Egypt,industry_value_added,1995,30.2450980392157
EGY,Egypt,industry_value_added,1994,30.5028571428571
EGY,Egypt,industry_value_added,1993,31.1469072164948
EGY,Egypt,industry_value_added,1992,31.411214953271
EGY,Egypt,industry_value_added,1991,32.1333348444444
EGY,Egypt,industry_value_added,1990,27.4060538622129
EGY,Egypt,industry_value_added,1989,26.5896096103896
EGY,Egypt,industry_value_added,1988,27.4496748376623
EGY,Egypt,industry_value_added,1987,25.9417475728155
EGY,Egypt,industry_value_added,1986,27.8866213151927
EGY,Egypt,industry_value_added,1985,29.5951742627346
EGY,Egypt,industry_value_added,1984,28.7658227848101
EGY,Egypt,industry_value_added,1983,28.5864661654135
EGY,Egypt,industry_value_added,1982,30.0454221588885
EGY,Egypt,industry_value_added,1981,31.2813249739022
EGY,Egypt,industry_value_added,1980,33.3886582528562
EGY,Egypt,industry_value_added,1979,34.7293569254186
EGY,Egypt,industry_value_added,1978,26.1683964871338
EGY,Egypt,industry_value_added,1977,24.7018843104057
EGY,Egypt,industry_value_added,1976,23.7747218327715
EGY,Egypt,industry_value_added,1975,25.4079825123431
EGY,Egypt,industry_value_added,1974,23.2760755532542
EGY,Egypt,industry_value_added,1973,20.4953715286465
EGY,Egypt,industry_value_added,1972,21.6674543382169
EGY,Egypt,industry_value_added,1971,22.1228189708801
EGY,Egypt,industry_value_added,1970,21.4205397301349
EGY,Egypt,industry_value_added,1969,24.1186075855415
EGY,Egypt,industry_value_added,1968,22.7294210319023
EGY,Egypt,industry_value_added,1967,23.8085845037084
EGY,Egypt,industry_value_added,1966,23.9929660982293
EGY,Egypt,industry_value_added,1965,24.0697417788568
EGY,Egypt,industry_value_added,1964,25.040293040293
EGY,Egypt,industry_value_added,1963,25.0480637187586
EGY,Egypt,industry_value_added,1962,24.7564785884948
EGY,Egypt,industry_value_added,1961,22.05468949655
EGY,Egypt,industry_value_added,1960,21.5592572364828
EGY,Egypt,electricity_access,2025,
EGY,Egypt,electricity_access,2024,
EGY,Egypt,electricity_access,2023,100.0
EGY,Egypt,electricity_access,2022,100.0
EGY,Egypt,electricity_access,2021,100.0
EGY,Egypt,electricity_access,2020,100.0
EGY,Egypt,electricity_access,2019,100.0
EGY,Egypt,electricity_access,2018,100.0
EGY,Egypt,electricity_access,2017,100.0
EGY,Egypt,electricity_access,2016,100.0
EGY,Egypt,electricity_access,2015,99.3
EGY,Egypt,electricity_access,2014,99.8
EGY,Egypt,electricity_access,2013,99.9
EGY,Egypt,electricity_access,2012,99.7
EGY,Egypt,electricity_access,2011,99.4
EGY,Egypt,electricity_access,2010,99.4
EGY,Egypt,electricity_access,2009,98.9
EGY,Egypt,electricity_access,2008,99.8
EGY,Egypt,electricity_access,2007,98.4
EGY,Egypt,electricity_access,2006,99.0
EGY,Egypt,electricity_access,2005,99.4
EGY,Egypt,electricity_access,2004,97.8
EGY,Egypt,electricity_access,2003,98.8
EGY,Egypt,electricity_access,2002,97.5
EGY,Egypt,electricity_access,2001,97.4
EGY,Egypt,electricity_access,2000,97.7
EGY,Egypt,electricity_access,1999,96.8857345581055
EGY,Egypt,electricity_access,1998,96.6465225219727
EGY,Egypt,electricity_access,1997,96.4024658203125
EGY,Egypt,electricity_access,1996,96.1543273925781
EGY,Egypt,electricity_access,1995,95.5
EGY,Egypt,electricity_access,1994,95.6485366821289
EGY,Egypt,electricity_access,1993,95.3922424316406
EGY,Egypt,electricity_access,1992,93.4
EGY,Egypt,electricity_access,1991,
EGY,Egypt,electricity_access,1990,
EGY,Egypt,electricity_access,1989,
EGY,Egypt,electricity_access,1988,
EGY,Egypt,electricity_access,1987,
EGY,Egypt,electricity_access,1986,
EGY,Egypt,electricity_access,1985,
EGY,Egypt,electricity_access,1984,
EGY,Egypt,electricity_access,1983,
EGY,Egypt,electricity_access,1982,
EGY,Egypt,electricity_access,1981,
EGY,Egypt,electricity_access,1980,
EGY,Egypt,electricity_access,1979,
EGY,Egypt,electricity_access,1978,
EGY,Egypt,electricity_access,1977,
EGY,Egypt,electricity_access,1976,
EGY,Egypt,electricity_access,1975,
EGY,Egypt,electricity_access,1974,
EGY,Egypt,electricity_access,1973,
EGY,Egypt,electricity_access,1972,
EGY,Egypt,electricity_access,1971,
EGY,Egypt,electricity_access,1970,
EGY,Egypt,electricity_access,1969,
EGY,Egypt,electricity_access,1968,
EGY,Egypt,electricity_access,1967,
EGY,Egypt,electricity_access,1966,
EGY,Egypt,electricity_access,1965,
EGY,Egypt,electricity_access,1964,
EGY,Egypt,electricity_access,1963,
EGY,Egypt,electricity_access,1962,
EGY,Egypt,electricity_access,1961,
EGY,Egypt,electricity_access,1960,
GHA,Ghana,gdp_growth,2025,
GHA,Ghana,gdp_growth,2024,5.59045469593266
GHA,Ghana,gdp_growth,2023,3.14009099763754
GHA,Ghana,gdp_growth,2022,3.80484980952164
GHA,Ghana,gdp_growth,2021,5.07646643533542
GHA,Ghana,gdp_growth,2020,0.513941670628171
GHA,Ghana,gdp_growth,2019,6.5077747939152
GHA,Ghana,gdp_growth,2018,6.20007768127284
GHA,Ghana,gdp_growth,2017,8.12889488100956
GHA,Ghana,gdp_growth,2016,3.37346574966936
GHA,Ghana,gdp_growth,2015,2.12075933817334
GHA,Ghana,gdp_growth,2014,2.85624016330883
GHA,Ghana,gdp_growth,2013,7.31252501678145
GHA,Ghana,gdp_growth,2012,9.2927894063005
GHA,Ghana,gdp_growth,2011,14.0471235803149
GHA,Ghana,gdp_growth,2010,7.89971194051621
GHA,Ghana,gdp_growth,2009,4.84448705175076
GHA,Ghana,gdp_growth,2008,9.14979893831817
GHA,Ghana,gdp_growth,2007,4.34681910440079
GHA,Ghana,gdp_growth,2006,6.39991260618034
GHA,Ghana,gdp_growth,2005,5.90000381855104
GHA,Ghana,gdp_growth,2004,5.59999999077445
GHA,Ghana,gdp_growth,2003,5.200000133101
GHA,Ghana,gdp_growth,2002,4.49999955900331
GHA,Ghana,gdp_growth,2001,4.00000012807919
GHA,Ghana,gdp_growth,2000,3.70000008164408
GHA,Ghana,gdp_growth,1999,4.39999682545296
GHA,Ghana,gdp_growth,1998,4.70039078427911
GHA,Ghana,gdp_growth,1997,4.19635744019571
GHA,Ghana,gdp_growth,1996,4.60246115564627
GHA,Ghana,gdp_growth,1995,4.11241897162861
GHA,Ghana,gdp_growth,1994,3.29999973947747
GHA,Ghana,gdp_growth,1993,4.85000055379412
GHA,Ghana,gdp_growth,1992,3.87941908037517
GHA,Ghana,gdp_growth,1991,5.28182639834429
GHA,Ghana,gdp_growth,1990,3.32881788321653
GHA,Ghana,gdp_growth,1989,5.08587270013842
GHA,Ghana,gdp_growth,1988,5.62816876359457
GHA,Ghana,gdp_growth,1987,4.79489887940781
GHA,Ghana,gdp_growth,1986,5.19916067974877
GHA,Ghana,gdp_growth,1985,5.09161727201138
GHA,Ghana,gdp_growth,1984,8.64756945671597
GHA,Ghana,gdp_growth,1983,-4.56373750458945
GHA,Ghana,gdp_growth,1982,-6.92365041055389
GHA,Ghana,gdp_growth,1981,-3.50306694696705
GHA,Ghana,gdp_growth,1980,0.471695943172108
GHA,Ghana,gdp_growth,1979,-2.51494141959301
GHA,Ghana,gdp_growth,1978,8.47593560232171
GHA,Ghana,gdp_growth,1977,2.27410724169957
GHA,Ghana,gdp_growth,1976,-3.53018280627536
GHA,Ghana,gdp_growth,1975,-12.4316290214597
GHA,Ghana,gdp_growth,1974,6.85251683220585
GHA,Ghana,gdp_growth,1973,2.8845841948016
GHA,Ghana,gdp_growth,1972,-2.48765540214929
GHA,Ghana,gdp_growth,1971,5.2161245570606
GHA,Ghana,gdp_growth,1970,9.72347258708628
GHA,Ghana,gdp_growth,1969,6.00617496624768
GHA,Ghana,gdp_growth,1968,0.368860328659636
GHA,Ghana,gdp_growth,1967,3.07536405007809
GHA,Ghana,gdp_growth,1966,-4.25829036972007
GHA,Ghana,gdp_growth,1965,1.36899886970954
GHA,Ghana,gdp_growth,1964,2.20932750184639
GHA,Ghana,gdp_growth,1963,4.40597419943647
GHA,Ghana,gdp_growth,1962,4.10915860625774
GHA,Ghana,gdp_growth,1961,3.42967401462874
GHA,Ghana,gdp_growth,1960,
GHA,Ghana,inflation,2025,
GHA,Ghana,inflation,2024,22.8483281157842
GHA,Ghana,inflation,2023,38.1069656296501
GHA,Ghana,inflation,2022,31.2558951049016
GHA,Ghana,inflation,2021,9.9710886750444
GHA,Ghana,inflation,2020,9.88728956269944
GHA,Ghana,inflation,2019,7.14364003330857
GHA,Ghana,inflation,2018,7.80876516610703
GHA,Ghana,inflation,2017,12.3719215507048
GHA,Ghana,inflation,2016,17.4546347070868
GHA,Ghana,inflation,2015,17.1499695007878
GHA,Ghana,inflation,2014,15.4896160333318
GHA,Ghana,inflation,2013,11.6661923071729
GHA,Ghana,inflation,2012,11.1863409441067
GHA,Ghana,inflation,2011,8.7284593709302
GHA,Ghana,inflation,2010,10.7333898354915
GHA,Ghana,inflation,2009,19.2469482220857
GHA,Ghana,inflation,2008,16.494639613412
GHA,Ghana,inflation,2007,10.7342665456292
GHA,Ghana,inflation,2006,11.6791839392492
GHA,Ghana,inflation,2005,15.4389920155908
GHA,Ghana,inflation,2004,18.0427388232565
GHA,Ghana,inflation,2003,29.7729797160384
GHA,Ghana,inflation,2002,9.36093239560313
GHA,Ghana,inflation,2001,41.509496287803
GHA,Ghana,inflation,2000,40.240933123914
GHA,Ghana,inflation,1999,4.86539785077528
GHA,Ghana,inflation,1998,14.6241666666675
GHA,Ghana,inflation,1997,27.8852086407527
GHA,Ghana,inflation,1996,46.5610196762282
GHA,Ghana,inflation,1995,59.4615536991446
GHA,Ghana,inflation,1994,24.8702554369576
GHA,Ghana,inflation,1993,24.9598424742497
GHA,Ghana,inflation,1992,10.0561167448841
GHA,Ghana,inflation,1991,18.0314390089849
GHA,Ghana,inflation,1990,37.2590664855671
GHA,Ghana,inflation,1989,25.2236920295825
GHA,Ghana,inflation,1988,31.3592676264768
GHA,Ghana,inflation,1987,39.8150678775363
GHA,Ghana,inflation,1986,24.5654160765001
GHA,Ghana,inflation,1985,10.3054406698295
GHA,Ghana,inflation,1984,39.6653137947268
GHA,Ghana,inflation,1983,122.874514572592
GHA,Ghana,inflation,1982,22.2955664080893
GHA,Ghana,inflation,1981,116.503603996541
GHA,Ghana,inflation,1980,50.0701393436364
GHA,Ghana,inflation,1979,54.4412883345616
GHA,Ghana,inflation,1978,73.091666667343
GHA,Ghana,inflation,1977,116.450216453639
GHA,Ghana,inflation,1976,56.0810810829756
GHA,Ghana,inflation,1975,29.8245614048168
GHA,Ghana,inflation,1974,18.1347150268463
GHA,Ghana,inflation,1973,17.6829268231711
GHA,Ghana,inflation,1972,10.0671140939595
GHA,Ghana,inflation,1971,9.55882353746772
GHA,Ghana,inflation,1970,3.03030303053265
GHA,Ghana,inflation,1969,7.31707316260125
GHA,Ghana,inflation,1968,7.89473684210539
GHA,Ghana,inflation,1967,-8.42248589780283
GHA,Ghana,inflation,1966,13.2378854626539
GHA,Ghana,inflation,1965,26.4447848490173
GHA,Ghana,inflation,1964,
GHA,Ghana,inflation,1963,
GHA,Ghana,inflation,1962,
GHA,Ghana,inflation,1961,
GHA,Ghana,inflation,1960,
GHA,Ghana,debt_to_gdp,2025,
GHA,Ghana,debt_to_gdp,2024,
GHA,Ghana,debt_to_gdp,2023,
GHA,Ghana,debt_to_gdp,2022,
GHA,Ghana,debt_to_gdp,2021,
GHA,Ghana,debt_to_gdp,2020,
GHA,Ghana,debt_to_gdp,2019,
GHA,Ghana,debt_to_gdp,2018,
GHA,Ghana,debt_to_gdp,2017,
GHA,Ghana,debt_to_gdp,2016,
GHA,Ghana,debt_to_gdp,2015,
GHA,Ghana,debt_to_gdp,2014,
GHA,Ghana,debt_to_gdp,2013,
GHA,Ghana,debt_to_gdp,2012,
GHA,Ghana,debt_to_gdp,2011,
GHA,Ghana,debt_to_gdp,2010,
GHA,Ghana,debt_to_gdp,2009,
GHA,Ghana,debt_to_gdp,2008,
GHA,Ghana,debt_to_gdp,2007,
GHA,Ghana,debt_to_gdp,2006,
GHA,Ghana,debt_to_gdp,2005,
GHA,Ghana,debt_to_gdp,2004,
GHA,Ghana,debt_to_gdp,2003,
GHA,Ghana,debt_to_gdp,2002,
GHA,Ghana,debt_to_gdp,2001,
GHA,Ghana,debt_to_gdp,2000,
GHA,Ghana,debt_to_gdp,1999,
GHA,Ghana,debt_to_gdp,1998,
GHA,Ghana,debt_to_gdp,1997,
GHA,Ghana,debt_to_gdp,1996,
GHA,Ghana,debt_to_gdp,1995,
GHA,Ghana,debt_to_gdp,1994,
GHA,Ghana,debt_to_gdp,1993,
GHA,Ghana,debt_to_gdp,1992,
GHA,Ghana,debt_to_gdp,1991,
GHA,Ghana,debt_to_gdp,1990,
GHA,Ghana,debt_to_gdp,1989,
GHA,Ghana,debt_to_gdp,1988,
GHA,Ghana,debt_to_gdp,1987,
GHA,Ghana,debt_to_gdp,1986,
GHA,Ghana,debt_to_gdp,1985,
GHA,Ghana,debt_to_gdp,1984,
GHA,Ghana,debt_to_gdp,1983,
GHA,Ghana,debt_to_gdp,1982,
GHA,Ghana,debt_to_gdp,1981,
GHA,Ghana,debt_to_gdp,1980,
GHA,Ghana,debt_to_gdp,1979,
GHA,Ghana,debt_to_gdp,1978,
GHA,Ghana,debt_to_gdp,1977,
GHA,Ghana,debt_to_gdp,1976,
GHA,Ghana,debt_to_gdp,1975,
GHA,Ghana,debt_to_gdp,1974,
GHA,Ghana,debt_to_gdp,1973,
GHA,Ghana,debt_to_gdp,1972,
GHA,Ghana,debt_to_gdp,1971,
GHA,Ghana,debt_to_gdp,1970,
GHA,Ghana,debt_to_gdp,1969,
GHA,Ghana,debt_to_gdp,1968,
GHA,Ghana,debt_to_gdp,1967,
GHA,Ghana,debt_to_gdp,1966,
GHA,Ghana,debt_to_gdp,1965,
GHA,Ghana,debt_to_gdp,1964,
GHA,Ghana,debt_to_gdp,1963,
GHA,Ghana,debt_to_gdp,1962,
GHA,Ghana,debt_to_gdp,1961,
GHA,Ghana,debt_to_gdp,1960,
GHA,Ghana,exports_to_gdp,2025,
GHA,Ghana,exports_to_gdp,2024,35.4733766353922
GHA,Ghana,exports_to_gdp,2023,31.7708164934404
GHA,Ghana,exports_to_gdp,2022,34.6640435533587
GHA,Ghana,exports_to_gdp,2021,30.0551194696231
GHA,Ghana,exports_to_gdp,2020,31.5254204867115
GHA,Ghana,exports_to_gdp,2019,37.4495998625311
GHA,Ghana,exports_to_gdp,2018,33.4548954489265
GHA,Ghana,exports_to_gdp,2017,33.8768747799681
GHA,Ghana,exports_to_gdp,2016,31.193239148362
GHA,Ghana,exports_to_gdp,2015,33.8317048233696
GHA,Ghana,exports_to_gdp,2014,28.2319021605976
GHA,Ghana,exports_to_gdp,2013,25.4407833967285
GHA,Ghana,exports_to_gdp,2012,40.3592181740371
GHA,Ghana,exports_to_gdp,2011,36.9366085502594
GHA,Ghana,exports_to_gdp,2010,29.4767179831573
GHA,Ghana,exports_to_gdp,2009,29.2918659785048
GHA,Ghana,exports_to_gdp,2008,25.0294572995074
GHA,Ghana,exports_to_gdp,2007,24.5250906044049
GHA,Ghana,exports_to_gdp,2006,24.6561904908957
GHA,Ghana,exports_to_gdp,2005,36.449216950714
GHA,Ghana,exports_to_gdp,2004,39.3033251214107
GHA,Ghana,exports_to_gdp,2003,40.67904265112
GHA,Ghana,exports_to_gdp,2002,42.6162518930867
GHA,Ghana,exports_to_gdp,2001,45.2330164667316
GHA,Ghana,exports_to_gdp,2000,48.8022576190038
GHA,Ghana,exports_to_gdp,1999,32.0783389537313
GHA,Ghana,exports_to_gdp,1998,33.8713517576318
GHA,Ghana,exports_to_gdp,1997,32.4102909291879
GHA,Ghana,exports_to_gdp,1996,32.1121821725595
GHA,Ghana,exports_to_gdp,1995,24.4964459408904
GHA,Ghana,exports_to_gdp,1994,25.2586359269933
GHA,Ghana,exports_to_gdp,1993,20.2539190620077
GHA,Ghana,exports_to_gdp,1992,17.2259554921286
GHA,Ghana,exports_to_gdp,1991,16.9635460585641
GHA,Ghana,exports_to_gdp,1990,16.8778904107735
GHA,Ghana,exports_to_gdp,1989,16.7426373151832
GHA,Ghana,exports_to_gdp,1988,18.1833834984151
GHA,Ghana,exports_to_gdp,1987,19.662600536193
GHA,Ghana,exports_to_gdp,1986,16.5760970525604
GHA,Ghana,exports_to_gdp,1985,10.6544856696439
GHA,Ghana,exports_to_gdp,1984,8.04402704011295
GHA,Ghana,exports_to_gdp,1983,5.55591779958487
GHA,Ghana,exports_to_gdp,1982,3.33830724919319
GHA,Ghana,exports_to_gdp,1981,4.7558725525294
GHA,Ghana,exports_to_gdp,1980,8.46634929524876
GHA,Ghana,exports_to_gdp,1979,11.2323719084402
GHA,Ghana,exports_to_gdp,1978,8.35795292099495
GHA,Ghana,exports_to_gdp,1977,10.4989698109827
GHA,Ghana,exports_to_gdp,1976,15.7064051486362
GHA,Ghana,exports_to_gdp,1975,19.3639977285633
GHA,Ghana,exports_to_gdp,1974,18.3261802575107
GHA,Ghana,exports_to_gdp,1973,21.4510139960011
GHA,Ghana,exports_to_gdp,1972,20.7104795737123
GHA,Ghana,exports_to_gdp,1971,15.76
GHA,Ghana,exports_to_gdp,1970,21.3368747233289
GHA,Ghana,exports_to_gdp,1969,19.7401299350325
GHA,Ghana,exports_to_gdp,1968,20.3529411764706
GHA,Ghana,exports_to_gdp,1967,17.4202127659574
GHA,Ghana,exports_to_gdp,1966,14.6245059288538
GHA,Ghana,exports_to_gdp,1965,17.1214188267394
GHA,Ghana,exports_to_gdp,1964,19.9029126213592
GHA,Ghana,exports_to_gdp,1963,21.1818181818182
GHA,Ghana,exports_to_gdp,1962,24.2147922998987
GHA,Ghana,exports_to_gdp,1961,26.1290322580645
GHA,Ghana,exports_to_gdp,1960,28.1933256616801
GHA,Ghana,imports_to_gdp,2025,
GHA,Ghana,imports_to_gdp,2024,34.315046103667
GHA,Ghana,imports_to_gdp,2023,32.6170450347243
GHA,Ghana,imports_to_gdp,2022,35.451412242532
GHA,Ghana,imports_to_gdp,2021,32.6527114432115
GHA,Ghana,imports_to_gdp,2020,35.0500782295317
GHA,Ghana,imports_to_gdp,2019,39.3752028696209
GHA,Ghana,imports_to_gdp,2018,34.5036220155637
GHA,Ghana,imports_to_gdp,2017,36.6714905104435
GHA,Ghana,imports_to_gdp,2016,36.6837602962245
GHA,Ghana,imports_to_gdp,2015,42.6895661009546
GHA,Ghana,imports_to_gdp,2014,35.6046602824807
GHA,Ghana,imports_to_gdp,2013,35.318538506149
GHA,Ghana,imports_to_gdp,2012,52.808816954646
GHA,Ghana,imports_to_gdp,2011,49.3588453047101
GHA,Ghana,imports_to_gdp,2010,45.901097808525
GHA,Ghana,imports_to_gdp,2009,42.3028725496475
GHA,Ghana,imports_to_gdp,2008,44.4847683116359
GHA,Ghana,imports_to_gdp,2007,40.8292316808483
GHA,Ghana,imports_to_gdp,2006,39.8628637530195
GHA,Ghana,imports_to_gdp,2005,61.7222971639139
GHA,Ghana,imports_to_gdp,2004,60.3670092258015
GHA,Ghana,imports_to_gdp,2003,56.6081030628332
GHA,Ghana,imports_to_gdp,2002,54.8729912815685
GHA,Ghana,imports_to_gdp,2001,64.8128376940797
GHA,Ghana,imports_to_gdp,2000,67.2461725439646
GHA,Ghana,imports_to_gdp,1999,49.6267650803215
GHA,Ghana,imports_to_gdp,1998,46.7281914893617
GHA,Ghana,imports_to_gdp,1997,52.9915470404013
GHA,Ghana,imports_to_gdp,1996,40.0927619568381
GHA,Ghana,imports_to_gdp,1995,32.9266483481043
GHA,Ghana,imports_to_gdp,1994,36.7625168107589
GHA,Ghana,imports_to_gdp,1993,36.4152010536918
GHA,Ghana,imports_to_gdp,1992,28.7676403692637
GHA,Ghana,imports_to_gdp,1991,25.5248032052346
GHA,Ghana,imports_to_gdp,1990,25.850287720007
GHA,Ghana,imports_to_gdp,1989,24.3432537358508
GHA,Ghana,imports_to_gdp,1988,24.0621159136831
GHA,Ghana,imports_to_gdp,1987,26.1855227882038
GHA,Ghana,imports_to_gdp,1986,20.1355904363181
GHA,Ghana,imports_to_gdp,1985,13.5893519274271
GHA,Ghana,imports_to_gdp,1984,10.7705840827022
GHA,Ghana,imports_to_gdp,1983,5.98898053662831
GHA,Ghana,imports_to_gdp,1982,2.98203606667361
GHA,Ghana,imports_to_gdp,1981,5.32316250378652
GHA,Ghana,imports_to_gdp,1980,9.15476523849529
GHA,Ghana,imports_to_gdp,1979,11.1615052087024
GHA,Ghana,imports_to_gdp,1978,9.6874106547222
GHA,Ghana,imports_to_gdp,1977,11.5470751590074
GHA,Ghana,imports_to_gdp,1976,16.0435182347533
GHA,Ghana,imports_to_gdp,1975,18.4364944160515
GHA,Ghana,imports_to_gdp,1974,21.8025751072961
GHA,Ghana,imports_to_gdp,1973,16.3953156241074
GHA,Ghana,imports_to_gdp,1972,15.2042628774423
GHA,Ghana,imports_to_gdp,1971,20.24
GHA,Ghana,imports_to_gdp,1970,22.7091633466135
GHA,Ghana,imports_to_gdp,1969,20.3398300849575
GHA,Ghana,imports_to_gdp,1968,20.8235294117647
GHA,Ghana,imports_to_gdp,1967,19.9468085106383
GHA,Ghana,imports_to_gdp,1966,19.631093544137
GHA,Ghana,imports_to_gdp,1965,26.7394270122783
GHA,Ghana,imports_to_gdp,1964,23.8673139158576
GHA,Ghana,imports_to_gdp,1963,27.4545454545455
GHA,Ghana,imports_to_gdp,1962,28.4701114488348
GHA,Ghana,imports_to_gdp,1961,36.4516129032258
GHA,Ghana,imports_to_gdp,1960,35.4430379746835
GHA,Ghana,fdi_pct_gdp,2025,
GHA,Ghana,fdi_pct_gdp,2024,2.14505298599888
GHA,Ghana,fdi_pct_gdp,2023,1.63794208213468
GHA,Ghana,fdi_pct_gdp,2022,1.93240124339233
GHA,Ghana,fdi_pct_gdp,2021,3.18633188953992
GHA,Ghana,fdi_pct_gdp,2020,2.67937438514205
GHA,Ghana,fdi_pct_gdp,2019,5.67619931009197
GHA,Ghana,fdi_pct_gdp,2018,4.4440435772374
GHA,Ghana,fdi_pct_gdp,2017,5.39035841681501
GHA,Ghana,fdi_pct_gdp,2016,6.20782671803196
GHA,Ghana,fdi_pct_gdp,2015,6.45737614178894
GHA,Ghana,fdi_pct_gdp,2014,6.15120635162518
GHA,Ghana,fdi_pct_gdp,2013,5.13479660884921
GHA,Ghana,fdi_pct_gdp,2012,7.98251565917851
GHA,Ghana,fdi_pct_gdp,2011,8.2558797134245
GHA,Ghana,fdi_pct_gdp,2010,7.84948455261709
GHA,Ghana,fdi_pct_gdp,2009,9.10808669100415
GHA,Ghana,fdi_pct_gdp,2008,9.46643908231485
GHA,Ghana,fdi_pct_gdp,2007,5.57118876952139
GHA,Ghana,fdi_pct_gdp,2006,3.04529018468516
GHA,Ghana,fdi_pct_gdp,2005,1.34923986570129
GHA,Ghana,fdi_pct_gdp,2004,1.56810546990152
GHA,Ghana,fdi_pct_gdp,2003,1.7916409392104
GHA,Ghana,fdi_pct_gdp,2002,0.955694277966518
GHA,Ghana,fdi_pct_gdp,2001,1.68056701347756
GHA,Ghana,fdi_pct_gdp,2000,3.32941946782064
GHA,Ghana,fdi_pct_gdp,1999,3.15750877559549
GHA,Ghana,fdi_pct_gdp,1998,2.23734900555042
GHA,Ghana,fdi_pct_gdp,1997,1.18697923958791
GHA,Ghana,fdi_pct_gdp,1996,1.73085450713045
GHA,Ghana,fdi_pct_gdp,1995,1.64748906691435
GHA,Ghana,fdi_pct_gdp,1994,4.27806801152738
GHA,Ghana,fdi_pct_gdp,1993,2.09418016063635
GHA,Ghana,fdi_pct_gdp,1992,0.350680105249075
GHA,Ghana,fdi_pct_gdp,1991,0.302884126204054
GHA,Ghana,fdi_pct_gdp,1990,0.251311464912112
GHA,Ghana,fdi_pct_gdp,1989,0.285613181918892
GHA,Ghana,fdi_pct_gdp,1988,0.0961951910014878
GHA,Ghana,fdi_pct_gdp,1987,0.0926139410187668
GHA,Ghana,fdi_pct_gdp,1986,0.0749693484267481
GHA,Ghana,fdi_pct_gdp,1985,0.124325458827919
GHA,Ghana,fdi_pct_gdp,1984,0.0453280406266979
GHA,Ghana,fdi_pct_gdp,1983,0.0591530010106608
GHA,Ghana,fdi_pct_gdp,1982,0.403865773675261
GHA,Ghana,fdi_pct_gdp,1981,0.385174089719213
GHA,Ghana,fdi_pct_gdp,1980,0.350938112573509
GHA,Ghana,fdi_pct_gdp,1979,-0.0696477925023032
GHA,Ghana,fdi_pct_gdp,1978,0.264745237383442
GHA,Ghana,fdi_pct_gdp,1977,0.60253675395033
GHA,Ghana,fdi_pct_gdp,1976,-0.660372191231682
GHA,Ghana,fdi_pct_gdp,1975,2.52196697706377
GHA,Ghana,fdi_pct_gdp,1974,0.493019313304721
GHA,Ghana,fdi_pct_gdp,1973,0.478919755234764
GHA,Ghana,fdi_pct_gdp,1972,0.544431973957769
GHA,Ghana,fdi_pct_gdp,1971,1.26597540071215
GHA,Ghana,fdi_pct_gdp,1970,3.06090857036055
GHA,Ghana,fdi_pct_gdp,1969,
GHA,Ghana,fdi_pct_gdp,1968,
GHA,Ghana,fdi_pct_gdp,1967,
GHA,Ghana,fdi_pct_gdp,1966,
GHA,Ghana,fdi_pct_gdp,1965,
GHA,Ghana,fdi_pct_gdp,1964,
GHA,Ghana,fdi_pct_gdp,1963,
GHA,Ghana,fdi_pct_gdp,1962,
GHA,Ghana,fdi_pct_gdp,1961,
GHA,Ghana,fdi_pct_gdp,1960,
GHA,Ghana,real_interest_rate,2025,
GHA,Ghana,real_interest_rate,2024,
GHA,Ghana,real_interest_rate,2023,
GHA,Ghana,real_interest_rate,2022,
GHA,Ghana,real_interest_rate,2021,
GHA,Ghana,real_interest_rate,2020,
GHA,Ghana,real_interest_rate,2019,
GHA,Ghana,real_interest_rate,2018,
GHA,Ghana,real_interest_rate,2017,
GHA,Ghana,real_interest_rate,2016,
GHA,Ghana,real_interest_rate,2015,
GHA,Ghana,real_interest_rate,2014,
GHA,Ghana,real_interest_rate,2013,
GHA,Ghana,real_interest_rate,2012,
GHA,Ghana,real_interest_rate,2011,
GHA,Ghana,real_interest_rate,2010,
GHA,Ghana,real_interest_rate,2009,
GHA,Ghana,real_interest_rate,2008,
GHA,Ghana,real_interest_rate,2007,
GHA,Ghana,real_interest_rate,2006,
GHA,Ghana,real_interest_rate,2005,
GHA,Ghana,real_interest_rate,2004,
GHA,Ghana,real_interest_rate,2003,
GHA,Ghana,real_interest_rate,2002,
GHA,Ghana,real_interest_rate,2001,
GHA,Ghana,real_interest_rate,2000,
GHA,Ghana,real_interest_rate,1999,
GHA,Ghana,real_interest_rate,1998,
GHA,Ghana,real_interest_rate,1997,
GHA,Ghana,real_interest_rate,1996,
GHA,Ghana,real_interest_rate,1995,
GHA,Ghana,real_interest_rate,1994,
GHA,Ghana,real_interest_rate,1993,
GHA,Ghana,real_interest_rate,1992,
GHA,Ghana,real_interest_rate,1991,
GHA,Ghana,real_interest_rate,1990,
GHA,Ghana,real_interest_rate,1989,
GHA,Ghana,real_interest_rate,1988,
GHA,Ghana,real_interest_rate,1987,
GHA,Ghana,real_interest_rate,1986,
GHA,Ghana,real_interest_rate,1985,
GHA,Ghana,real_interest_rate,1984,
GHA,Ghana,real_interest_rate,1983,
GHA,Ghana,real_interest_rate,1982,
GHA,Ghana,real_interest_rate,1981,
GHA,Ghana,real_interest_rate,1980,
GHA,Ghana,real_interest_rate,1979,
GHA,Ghana,real_interest_rate,1978,
GHA,Ghana,real_interest_rate,1977,
GHA,Ghana,real_interest_rate,1976,
GHA,Ghana,real_interest_rate,1975,
GHA,Ghana,real_interest_rate,1974,
GHA,Ghana,real_interest_rate,1973,
GHA,Ghana,real_interest_rate,1972,
GHA,Ghana,real_interest_rate,1971,
GHA,Ghana,real_interest_rate,1970,
GHA,Ghana,real_interest_rate,1969,
GHA,Ghana,real_interest_rate,1968,
GHA,Ghana,real_interest_rate,1967,
GHA,Ghana,real_interest_rate,1966,
GHA,Ghana,real_interest_rate,1965,
GHA,Ghana,real_interest_rate,1964,
GHA,Ghana,real_interest_rate,1963,
GHA,Ghana,real_interest_rate,1962,
GHA,Ghana,real_interest_rate,1961,
GHA,Ghana,real_interest_rate,1960,
GHA,Ghana,unemployment,2025,2.979
GHA,Ghana,unemployment,2024,2.82
GHA,Ghana,unemployment,2023,2.829
GHA,Ghana,unemployment,2022,2.87
GHA,Ghana,unemployment,2021,3.2
GHA,Ghana,unemployment,2020,3.178
GHA,Ghana,unemployment,2019,3.067
GHA,Ghana,unemployment,2018,3.204
GHA,Ghana,unemployment,2017,3.369
GHA,Ghana,unemployment,2016,5.256
GHA,Ghana,unemployment,2015,6.806
GHA,Ghana,unemployment,2014,4.403
GHA,Ghana,unemployment,2013,2.173
GHA,Ghana,unemployment,2012,3.126
GHA,Ghana,unemployment,2011,4.213
GHA,Ghana,unemployment,2010,5.384
GHA,Ghana,unemployment,2009,5.362
GHA,Ghana,unemployment,2008,5.144
GHA,Ghana,unemployment,2007,5.104
GHA,Ghana,unemployment,2006,4.897
GHA,Ghana,unemployment,2005,5.816
GHA,Ghana,unemployment,2004,6.758
GHA,Ghana,unemployment,2003,7.728
GHA,Ghana,unemployment,2002,8.711
GHA,Ghana,unemployment,2001,9.615
GHA,Ghana,unemployment,2000,10.456
GHA,Ghana,unemployment,1999,10.1
GHA,Ghana,unemployment,1998,8.2
GHA,Ghana,unemployment,1997,7.639
GHA,Ghana,unemployment,1996,7.091
GHA,Ghana,unemployment,1995,6.484
GHA,Ghana,unemployment,1994,5.9
GHA,Ghana,unemployment,1993,5.231
GHA,Ghana,unemployment,1992,4.7
GHA,Ghana,unemployment,1991,3.489
GHA,Ghana,unemployment,1990,
GHA,Ghana,unemployment,1989,
GHA,Ghana,unemployment,1988,
GHA,Ghana,unemployment,1987,
GHA,Ghana,unemployment,1986,
GHA,Ghana,unemployment,1985,
GHA,Ghana,unemployment,1984,
GHA,Ghana,unemployment,1983,
GHA,Ghana,unemployment,1982,
GHA,Ghana,unemployment,1981,
GHA,Ghana,unemployment,1980,
GHA,Ghana,unemployment,1979,
GHA,Ghana,unemployment,1978,
GHA,Ghana,unemployment,1977,
GHA,Ghana,unemployment,1976,
GHA,Ghana,unemployment,1975,
GHA,Ghana,unemployment,1974,
GHA,Ghana,unemployment,1973,
GHA,Ghana,unemployment,1972,
GHA,Ghana,unemployment,1971,
GHA,Ghana,unemployment,1970,
GHA,Ghana,unemployment,1969,
GHA,Ghana,unemployment,1968,
GHA,Ghana,unemployment,1967,
GHA,Ghana,unemployment,1966,
GHA,Ghana,unemployment,1965,
GHA,Ghana,unemployment,1964,
GHA,Ghana,unemployment,1963,
GHA,Ghana,unemployment,1962,
GHA,Ghana,unemployment,1961,
GHA,Ghana,unemployment,1960,
GHA,Ghana,industry_value_added,2025,
GHA,Ghana,industry_value_added,2024,31.519769781916
GHA,Ghana,industry_value_added,2023,29.4666223817331
GHA,Ghana,industry_value_added,2022,31.470050505779
GHA,Ghana,industry_value_added,2021,28.4050146696866
GHA,Ghana,industry_value_added,2020,29.8767542337189
GHA,Ghana,industry_value_added,2019,31.1077243700312
GHA,Ghana,industry_value_added,2018,31.1777436281076
GHA,Ghana,industry_value_added,2017,29.9522176933621
GHA,Ghana,industry_value_added,2016,27.6932546491989
GHA,Ghana,industry_value_added,2015,31.1193795046839
GHA,Ghana,industry_value_added,2014,33.8982030516643
GHA,Ghana,industry_value_added,2013,34.0898222065997
GHA,Ghana,industry_value_added,2012,27.1365335859295
GHA,Ghana,industry_value_added,2011,23.8636600934779
GHA,Ghana,industry_value_added,2010,18.0149428066597
GHA,Ghana,industry_value_added,2009,18.5140921293401
GHA,Ghana,industry_value_added,2008,19.3995645523361
GHA,Ghana,industry_value_added,2007,19.4928065701
GHA,Ghana,industry_value_added,2006,19.3820947702815
GHA,Ghana,industry_value_added,2005,25.1254359413042
GHA,Ghana,industry_value_added,2004,24.716756265122
GHA,Ghana,industry_value_added,2003,25.2099150968066
GHA,Ghana,industry_value_added,2002,25.2756743481642
GHA,Ghana,industry_value_added,2001,25.2159797429519
GHA,Ghana,industry_value_added,2000,25.4039222907651
GHA,Ghana,industry_value_added,1999,25.4127834089738
GHA,Ghana,industry_value_added,1998,25.2665356151711
GHA,Ghana,industry_value_added,1997,25.6678050646903
GHA,Ghana,industry_value_added,1996,23.5785407498214
GHA,Ghana,industry_value_added,1995,24.2849955493634
GHA,Ghana,industry_value_added,1994,24.8991354466859
GHA,Ghana,industry_value_added,1993,24.8185739004674
GHA,Ghana,industry_value_added,1992,17.3750880792044
GHA,Ghana,industry_value_added,1991,16.9642463591578
GHA,Ghana,industry_value_added,1990,16.7728295270022
GHA,Ghana,industry_value_added,1989,16.7237975351641
GHA,Ghana,industry_value_added,1988,16.5658925642792
GHA,Ghana,industry_value_added,1987,16.3190348525469
GHA,Ghana,industry_value_added,1986,17.1531483614363
GHA,Ghana,industry_value_added,1985,16.6766749842588
GHA,Ghana,industry_value_added,1984,10.5820868491763
GHA,Ghana,industry_value_added,1983,6.62852237038003
GHA,Ghana,industry_value_added,1982,6.24746966489688
GHA,Ghana,industry_value_added,1981,9.16200809627406
GHA,Ghana,industry_value_added,1980,11.8687575842434
GHA,Ghana,industry_value_added,1979,12.2811990645596
GHA,Ghana,industry_value_added,1978,12.0270656628228
GHA,Ghana,industry_value_added,1977,15.8380363701514
GHA,Ghana,industry_value_added,1976,19.215445908673
GHA,Ghana,industry_value_added,1975,21.0107893242476
GHA,Ghana,industry_value_added,1974,18.1330472103004
GHA,Ghana,industry_value_added,1973,18.5946872322194
GHA,Ghana,industry_value_added,1972,17.7264653641208
GHA,Ghana,industry_value_added,1971,18.28
GHA,Ghana,industry_value_added,1970,18.2381584772023
GHA,Ghana,industry_value_added,1969,19.1404297851074
GHA,Ghana,industry_value_added,1968,20.3529411764706
GHA,Ghana,industry_value_added,1967,20.4787234042553
GHA,Ghana,industry_value_added,1966,18.3794466403162
GHA,Ghana,industry_value_added,1965,18.6221009549795
GHA,Ghana,industry_value_added,1964,
GHA,Ghana,industry_value_added,1963,
GHA,Ghana,industry_value_added,1962,
GHA,Ghana,industry_value_added,1961,
GHA,Ghana,industry_value_added,1960,
GHA,Ghana,electricity_access,2025,
GHA,Ghana,electricity_access,2024,
GHA,Ghana,electricity_access,2023,89.5
GHA,Ghana,electricity_access,2022,85.1
GHA,Ghana,electricity_access,2021,86.3
GHA,Ghana,electricity_access,2020,85.4
GHA,Ghana,electricity_access,2019,83.5
GHA,Ghana,electricity_access,2018,80.4
GHA,Ghana,electricity_access,2017,79.0
GHA,Ghana,electricity_access,2016,79.3
GHA,Ghana,electricity_access,2015,74.0
GHA,Ghana,electricity_access,2014,78.3
GHA,Ghana,electricity_access,2013,70.7
GHA,Ghana,electricity_access,2012,56.5
GHA,Ghana,electricity_access,2011,64.1
GHA,Ghana,electricity_access,2010,64.2
GHA,Ghana,electricity_access,2009,61.1
GHA,Ghana,electricity_access,2008,60.5
GHA,Ghana,electricity_access,2007,56.9
GHA,Ghana,electricity_access,2006,55.1
GHA,Ghana,electricity_access,2005,41.3
GHA,Ghana,electricity_access,2004,50.8
GHA,Ghana,electricity_access,2003,48.3
GHA,Ghana,electricity_access,2002,46.8
GHA,Ghana,electricity_access,2001,44.8
GHA,Ghana,electricity_access,2000,43.7
GHA,Ghana,electricity_access,1999,40.7405395507813
GHA,Ghana,electricity_access,1998,42.6
GHA,Ghana,electricity_access,1997,36.6036949157715
GHA,Ghana,electricity_access,1996,34.5287704467773
GHA,Ghana,electricity_access,1995,32.4504508972168
GHA,Ghana,electricity_access,1994,30.36940574646
GHA,Ghana,electricity_access,1993,30.6
GHA,Ghana,electricity_access,1992,
GHA,Ghana,electricity_access,1991,
GHA,Ghana,electricity_access,1990,
GHA,Ghana,electricity_access,1989,
GHA,Ghana,electricity_access,1988,
GHA,Ghana,electricity_access,1987,
GHA,Ghana,electricity_access,1986,
GHA,Ghana,electricity_access,1985,
GHA,Ghana,electricity_access,1984,
GHA,Ghana,electricity_access,1983,
GHA,Ghana,electricity_access,1982,
GHA,Ghana,electricity_access,1981,
GHA,Ghana,electricity_access,1980,
GHA,Ghana,electricity_access,1979,
GHA,Ghana,electricity_access,1978,
GHA,Ghana,electricity_access,1977,
GHA,Ghana,electricity_access,1976,
GHA,Ghana,electricity_access,1975,
GHA,Ghana,electricity_access,1974,
GHA,Ghana,electricity_access,1973,
GHA,Ghana,electricity_access,1972,
GHA,Ghana,electricity_access,1971,
GHA,Ghana,electricity_access,1970,
GHA,Ghana,electricity_access,1969,
GHA,Ghana,electricity_access,1968,
GHA,Ghana,electricity_access,1967,
GHA,Ghana,electricity_access,1966,
GHA,Ghana,electricity_access,1965,
GHA,Ghana,electricity_access,1964,
GHA,Ghana,electricity_access,1963,
GHA,Ghana,electricity_access,1962,
GHA,Ghana,electricity_access,1961,
GHA,Ghana,electricity_access,1960,
RWA,Rwanda,gdp_growth,2025,
RWA,Rwanda,gdp_growth,2024,8.89065529573114
RWA,Rwanda,gdp_growth,2023,8.24990302014558
RWA,Rwanda,gdp_growth,2022,8.16120720872912
RWA,Rwanda,gdp_growth,2021,10.8584320184896
RWA,Rwanda,gdp_growth,2020,-3.37368746369782
RWA,Rwanda,gdp_growth,2019,9.44738518613097
RWA,Rwanda,gdp_growth,2018,8.51646722592409
RWA,Rwanda,gdp_growth,2017,3.91817093628465
RWA,Rwanda,gdp_growth,2016,5.97074525431094
RWA,Rwanda,gdp_growth,2015,8.8568555974538
RWA,Rwanda,gdp_growth,2014,6.16716615166932
RWA,Rwanda,gdp_growth,2013,4.71984856978263
RWA,Rwanda,gdp_growth,2012,8.64150815836322
RWA,Rwanda,gdp_growth,2011,7.95838869847094
RWA,Rwanda,gdp_growth,2010,7.33465645006753
RWA,Rwanda,gdp_growth,2009,6.24825750620508
RWA,Rwanda,gdp_growth,2008,11.1612473247323
RWA,Rwanda,gdp_growth,2007,7.63329819125276
RWA,Rwanda,gdp_growth,2006,9.22707576798881
RWA,Rwanda,gdp_growth,2005,9.3778991673686
RWA,Rwanda,gdp_growth,2004,7.44766737034072
RWA,Rwanda,gdp_growth,2003,2.20238751139603
RWA,Rwanda,gdp_growth,2002,13.1920736254262
RWA,Rwanda,gdp_growth,2001,8.4845603416011
RWA,Rwanda,gdp_growth,2000,8.37089593548548
RWA,Rwanda,gdp_growth,1999,4.35188831936337
RWA,Rwanda,gdp_growth,1998,8.85866949392693
RWA,Rwanda,gdp_growth,1997,13.8497524857822
RWA,Rwanda,gdp_growth,1996,12.7456957645316
RWA,Rwanda,gdp_growth,1995,35.2240783089712
RWA,Rwanda,gdp_growth,1994,-50.2480671038988
RWA,Rwanda,gdp_growth,1993,-8.1086918809961
RWA,Rwanda,gdp_growth,1992,5.87272524148186
RWA,Rwanda,gdp_growth,1991,-2.5143796537652
RWA,Rwanda,gdp_growth,1990,-2.39929109760386
RWA,Rwanda,gdp_growth,1989,-0.0365342731879821
RWA,Rwanda,gdp_growth,1988,4.49882499325926
RWA,Rwanda,gdp_growth,1987,-0.0240361088553129
RWA,Rwanda,gdp_growth,1986,5.47213748768883
RWA,Rwanda,gdp_growth,1985,4.40274833269658
RWA,Rwanda,gdp_growth,1984,-4.24077327763513
RWA,Rwanda,gdp_growth,1983,5.98034993449889
RWA,Rwanda,gdp_growth,1982,1.8108464472071
RWA,Rwanda,gdp_growth,1981,5.43619947877278
RWA,Rwanda,gdp_growth,1980,8.95161232959185
RWA,Rwanda,gdp_growth,1979,11.8699080379505
RWA,Rwanda,gdp_growth,1978,9.15084081575202
RWA,Rwanda,gdp_growth,1977,1.99410948126506
RWA,Rwanda,gdp_growth,1976,19.5045771724679
RWA,Rwanda,gdp_growth,1975,-2.11382542445206
RWA,Rwanda,gdp_growth,1974,1.40982357375073
RWA,Rwanda,gdp_growth,1973,3.43808814067388
RWA,Rwanda,gdp_growth,1972,0.263068266748533
RWA,Rwanda,gdp_growth,1971,1.20664070130975
RWA,Rwanda,gdp_growth,1970,6.00142524647711
RWA,Rwanda,gdp_growth,1969,11.0073701491935
RWA,Rwanda,gdp_growth,1968,7.01378092757932
RWA,Rwanda,gdp_growth,1967,6.91601750997981
RWA,Rwanda,gdp_growth,1966,7.00891082281643
RWA,Rwanda,gdp_growth,1965,7.00952925499003
RWA,Rwanda,gdp_growth,1964,-12.4649926826469
RWA,Rwanda,gdp_growth,1963,-9.82044441324079
RWA,Rwanda,gdp_growth,1962,11.3337983684303
RWA,Rwanda,gdp_growth,1961,-4.2975260472235
RWA,Rwanda,gdp_growth,1960,
RWA,Rwanda,inflation,2025,
RWA,Rwanda,inflation,2024,1.77029240198635
RWA,Rwanda,inflation,2023,19.789546746467
RWA,Rwanda,inflation,2022,17.6892095588153
RWA,Rwanda,inflation,2021,-0.391346748300791
RWA,Rwanda,inflation,2020,9.85039902274207
RWA,Rwanda,inflation,2019,3.34787655037648
RWA,Rwanda,inflation,2018,-0.311210160390699
RWA,Rwanda,inflation,2017,8.27953672260832
RWA,Rwanda,inflation,2016,7.17434301982009
RWA,Rwanda,inflation,2015,2.52850284192421
RWA,Rwanda,inflation,2014,2.35449052820358
RWA,Rwanda,inflation,2013,5.92426867984854
RWA,Rwanda,inflation,2012,10.2710182318876
RWA,Rwanda,inflation,2011,3.0801706924026
RWA,Rwanda,inflation,2010,-0.246128693436934
RWA,Rwanda,inflation,2009,12.9443978401712
RWA,Rwanda,inflation,2008,15.4382138709255
RWA,Rwanda,inflation,2007,9.08072205873158
RWA,Rwanda,inflation,2006,8.88282654777923
RWA,Rwanda,inflation,2005,9.01408918092339
RWA,Rwanda,inflation,2004,12.2507102894391
RWA,Rwanda,inflation,2003,7.44970014007366
RWA,Rwanda,inflation,2002,1.99258542453993
RWA,Rwanda,inflation,2001,3.34285506749409
RWA,Rwanda,inflation,2000,3.89952980284712
RWA,Rwanda,inflation,1999,-2.40593209742259
RWA,Rwanda,inflation,1998,6.2100670945581
RWA,Rwanda,inflation,1997,12.0154225195686
RWA,Rwanda,inflation,1996,7.41137173526642
RWA,Rwanda,inflation,1995,
RWA,Rwanda,inflation,1994,
RWA,Rwanda,inflation,1993,12.3543887630448
RWA,Rwanda,inflation,1992,9.56041187600816
RWA,Rwanda,inflation,1991,19.6371658148373
RWA,Rwanda,inflation,1990,4.18576372649948
RWA,Rwanda,inflation,1989,1.01027824831114
RWA,Rwanda,inflation,1988,2.97864355658034
RWA,Rwanda,inflation,1987,4.13301490809125
RWA,Rwanda,inflation,1986,-1.11706657280676
RWA,Rwanda,inflation,1985,1.75933005651688
RWA,Rwanda,inflation,1984,5.36957038827376
RWA,Rwanda,inflation,1983,6.59300214307078
RWA,Rwanda,inflation,1982,12.5651365334134
RWA,Rwanda,inflation,1981,6.4506644718119
RWA,Rwanda,inflation,1980,7.24939299325274
RWA,Rwanda,inflation,1979,15.6733294423726
RWA,Rwanda,inflation,1978,13.2705337973878
RWA,Rwanda,inflation,1977,13.6551465066428
RWA,Rwanda,inflation,1976,7.1658615138318
RWA,Rwanda,inflation,1975,30.2260465749065
RWA,Rwanda,inflation,1974,31.0882993654484
RWA,Rwanda,inflation,1973,9.3736740756774
RWA,Rwanda,inflation,1972,3.092193808935
RWA,Rwanda,inflation,1971,0.488580074222891
RWA,Rwanda,inflation,1970,0.514885808022463
RWA,Rwanda,inflation,1969,0.484939553317571
RWA,Rwanda,inflation,1968,3.16193697269933
RWA,Rwanda,inflation,1967,1.45292730022852
RWA,Rwanda,inflation,1966,
RWA,Rwanda,inflation,1965,
RWA,Rwanda,inflation,1964,
RWA,Rwanda,inflation,1963,
RWA,Rwanda,inflation,1962,
RWA,Rwanda,inflation,1961,
RWA,Rwanda,inflation,1960,
RWA,Rwanda,debt_to_gdp,2025,
RWA,Rwanda,debt_to_gdp,2024,
RWA,Rwanda,debt_to_gdp,2023,
RWA,Rwanda,debt_to_gdp,2022,
RWA,Rwanda,debt_to_gdp,2021,
RWA,Rwanda,debt_to_gdp,2020,
RWA,Rwanda,debt_to_gdp,2019,
RWA,Rwanda,debt_to_gdp,2018,
RWA,Rwanda,debt_to_gdp,2017,
RWA,Rwanda,debt_to_gdp,2016,
RWA,Rwanda,debt_to_gdp,2015,
RWA,Rwanda,debt_to_gdp,2014,
RWA,Rwanda,debt_to_gdp,2013,
RWA,Rwanda,debt_to_gdp,2012,
RWA,Rwanda,debt_to_gdp,2011,
RWA,Rwanda,debt_to_gdp,2010,
RWA,Rwanda,debt_to_gdp,2009,
RWA,Rwanda,debt_to_gdp,2008,
RWA,Rwanda,debt_to_gdp,2007,
RWA,Rwanda,debt_to_gdp,2006,
RWA,Rwanda,debt_to_gdp,2005,
RWA,Rwanda,debt_to_gdp,2004,
RWA,Rwanda,debt_to_gdp,2003,
RWA,Rwanda,debt_to_gdp,2002,
RWA,Rwanda,debt_to_gdp,2001,
RWA,Rwanda,debt_to_gdp,2000,
RWA,Rwanda,debt_to_gdp,1999,
RWA,Rwanda,debt_to_gdp,1998,
RWA,Rwanda,debt_to_gdp,1997,
RWA,Rwanda,debt_to_gdp,1996,
RWA,Rwanda,debt_to_gdp,1995,
RWA,Rwanda,debt_to_gdp,1994,
RWA,Rwanda,debt_to_gdp,1993,
RWA,Rwanda,debt_to_gdp,1992,48.4289742567034
RWA,Rwanda,debt_to_gdp,1991,47.8601030997282
RWA,Rwanda,debt_to_gdp,1990,49.7969202729087
RWA,Rwanda,debt_to_gdp,1989,
RWA,Rwanda,debt_to_gdp,1988,
RWA,Rwanda,debt_to_gdp,1987,
RWA,Rwanda,debt_to_gdp,1986,
RWA,Rwanda,debt_to_gdp,1985,
RWA,Rwanda,debt_to_gdp,1984,
RWA,Rwanda,debt_to_gdp,1983,
RWA,Rwanda,debt_to_gdp,1982,
RWA,Rwanda,debt_to_gdp,1981,
RWA,Rwanda,debt_to_gdp,1980,
RWA,Rwanda,debt_to_gdp,1979,
RWA,Rwanda,debt_to_gdp,1978,
RWA,Rwanda,debt_to_gdp,1977,
RWA,Rwanda,debt_to_gdp,1976,
RWA,Rwanda,debt_to_gdp,1975,
RWA,Rwanda,debt_to_gdp,1974,
RWA,Rwanda,debt_to_gdp,1973,
RWA,Rwanda,debt_to_gdp,1972,
RWA,Rwanda,debt_to_gdp,1971,
RWA,Rwanda,debt_to_gdp,1970,
RWA,Rwanda,debt_to_gdp,1969,
RWA,Rwanda,debt_to_gdp,1968,
RWA,Rwanda,debt_to_gdp,1967,
RWA,Rwanda,debt_to_gdp,1966,
RWA,Rwanda,debt_to_gdp,1965,
RWA,Rwanda,debt_to_gdp,1964,
RWA,Rwanda,debt_to_gdp,1963,
RWA,Rwanda,debt_to_gdp,1962,
RWA,Rwanda,debt_to_gdp,1961,
RWA,Rwanda,debt_to_gdp,1960,
RWA,Rwanda,exports_to_gdp,2025,
RWA,Rwanda,exports_to_gdp,2024,30.8220804418076
RWA,Rwanda,exports_to_gdp,2023,25.0057307202908
RWA,Rwanda,exports_to_gdp,2022,22.4780615146911
RWA,Rwanda,exports_to_gdp,2021,19.502494693488
RWA,Rwanda,exports_to_gdp,2020,19.3259418342726
RWA,Rwanda,exports_to_gdp,2019,21.8254435390056
RWA,Rwanda,exports_to_gdp,2018,21.10801098862
RWA,Rwanda,exports_to_gdp,2017,20.5283808772972
RWA,Rwanda,exports_to_gdp,2016,15.4218031562888
RWA,Rwanda,exports_to_gdp,2015,13.2317868359616
RWA,Rwanda,exports_to_gdp,2014,13.8686615802081
RWA,Rwanda,exports_to_gdp,2013,13.4925358045666
RWA,Rwanda,exports_to_gdp,2012,11.9942781520571
RWA,Rwanda,exports_to_gdp,2011,12.6588705752209
RWA,Rwanda,exports_to_gdp,2010,10.7427647311274
RWA,Rwanda,exports_to_gdp,2009,10.367482812293
RWA,Rwanda,exports_to_gdp,2008,11.2727549070714
RWA,Rwanda,exports_to_gdp,2007,13.6678238827712
RWA,Rwanda,exports_to_gdp,2006,10.8834165953429
RWA,Rwanda,exports_to_gdp,2005,10.6879847934518
RWA,Rwanda,exports_to_gdp,2004,10.3935220427215
RWA,Rwanda,exports_to_gdp,2003,7.77665392566841
RWA,Rwanda,exports_to_gdp,2002,6.18067969706938
RWA,Rwanda,exports_to_gdp,2001,7.26898430311878
RWA,Rwanda,exports_to_gdp,2000,5.37717849178342
RWA,Rwanda,exports_to_gdp,1999,5.41285522773302
RWA,Rwanda,exports_to_gdp,1998,5.5850635761597
RWA,Rwanda,exports_to_gdp,1997,7.79733936179779
RWA,Rwanda,exports_to_gdp,1996,6.0313700208094
RWA,Rwanda,exports_to_gdp,1995,5.15079191273105
RWA,Rwanda,exports_to_gdp,1994,6.30258595021786
RWA,Rwanda,exports_to_gdp,1993,5.17524597892374
RWA,Rwanda,exports_to_gdp,1992,5.56840818985812
RWA,Rwanda,exports_to_gdp,1991,7.31660444266046
RWA,Rwanda,exports_to_gdp,1990,5.61460915538142
RWA,Rwanda,exports_to_gdp,1989,6.13928895137563
RWA,Rwanda,exports_to_gdp,1988,6.61955980927653
RWA,Rwanda,exports_to_gdp,1987,7.45005252465942
RWA,Rwanda,exports_to_gdp,1986,12.5843179155455
RWA,Rwanda,exports_to_gdp,1985,10.7825066937405
RWA,Rwanda,exports_to_gdp,1984,12.6314336340541
RWA,Rwanda,exports_to_gdp,1983,11.581767489546
RWA,Rwanda,exports_to_gdp,1982,11.5525587504753
RWA,Rwanda,exports_to_gdp,1981,9.82550554326081
RWA,Rwanda,exports_to_gdp,1980,14.4365215832448
RWA,Rwanda,exports_to_gdp,1979,21.0460631338419
RWA,Rwanda,exports_to_gdp,1978,14.7809980024975
RWA,Rwanda,exports_to_gdp,1977,14.2677661185406
RWA,Rwanda,exports_to_gdp,1976,14.5789534136094
RWA,Rwanda,exports_to_gdp,1975,9.17188159456711
RWA,Rwanda,exports_to_gdp,1974,12.1687577317595
RWA,Rwanda,exports_to_gdp,1973,11.5983615409165
RWA,Rwanda,exports_to_gdp,1972,8.28193861786568
RWA,Rwanda,exports_to_gdp,1971,10.2114266344836
RWA,Rwanda,exports_to_gdp,1970,11.505228881167
RWA,Rwanda,exports_to_gdp,1969,7.67885329031493
RWA,Rwanda,exports_to_gdp,1968,8.73983590408219
RWA,Rwanda,exports_to_gdp,1967,10.5120319051355
RWA,Rwanda,exports_to_gdp,1966,11.2793686930404
RWA,Rwanda,exports_to_gdp,1965,12.0967758194591
RWA,Rwanda,exports_to_gdp,1964,12.0000005538462
RWA,Rwanda,exports_to_gdp,1963,5.9375
RWA,Rwanda,exports_to_gdp,1962,9.27999940608004
RWA,Rwanda,exports_to_gdp,1961,11.475408331094
RWA,Rwanda,exports_to_gdp,1960,12.436972281619
RWA,Rwanda,imports_to_gdp,2025,
RWA,Rwanda,imports_to_gdp,2024,39.1323331262486
RWA,Rwanda,imports_to_gdp,2023,39.9011734217134
RWA,Rwanda,imports_to_gdp,2022,38.667017988674
RWA,Rwanda,imports_to_gdp,2021,34.7913371528487
RWA,Rwanda,imports_to_gdp,2020,35.8620097177129
RWA,Rwanda,imports_to_gdp,2019,36.1502193247898
RWA,Rwanda,imports_to_gdp,2018,34.6761153853403
RWA,Rwanda,imports_to_gdp,2017,33.1468865404281
RWA,Rwanda,imports_to_gdp,2016,34.0631039507003
RWA,Rwanda,imports_to_gdp,2015,31.9701887799487
RWA,Rwanda,imports_to_gdp,2014,30.0340721108669
RWA,Rwanda,imports_to_gdp,2013,29.2009566249696
RWA,Rwanda,imports_to_gdp,2012,28.5465848466622
RWA,Rwanda,imports_to_gdp,2011,27.0572319022891
RWA,Rwanda,imports_to_gdp,2010,26.5361143612077
RWA,Rwanda,imports_to_gdp,2009,26.4381451961885
RWA,Rwanda,imports_to_gdp,2008,26.3317559477341
RWA,Rwanda,imports_to_gdp,2007,22.3031493144566
RWA,Rwanda,imports_to_gdp,2006,22.338020477063
RWA,Rwanda,imports_to_gdp,2005,23.5285535484134
RWA,Rwanda,imports_to_gdp,2004,23.0681510603655
RWA,Rwanda,imports_to_gdp,2003,21.5339703097417
RWA,Rwanda,imports_to_gdp,2002,21.4287584191479
RWA,Rwanda,imports_to_gdp,2001,21.9299251345738
RWA,Rwanda,imports_to_gdp,2000,22.1076853332611
RWA,Rwanda,imports_to_gdp,1999,21.9206811935028
RWA,Rwanda,imports_to_gdp,1998,23.2094000148414
RWA,Rwanda,imports_to_gdp,1997,25.6701211482204
RWA,Rwanda,imports_to_gdp,1996,26.1986957999565
RWA,Rwanda,imports_to_gdp,1995,25.8213812367554
RWA,Rwanda,imports_to_gdp,1994,64.7930423571196
RWA,Rwanda,imports_to_gdp,1993,20.5037610280621
RWA,Rwanda,imports_to_gdp,1992,18.2630388432133
RWA,Rwanda,imports_to_gdp,1991,18.0553693404033
RWA,Rwanda,imports_to_gdp,1990,14.0695497189482
RWA,Rwanda,imports_to_gdp,1989,17.2884840787248
RWA,Rwanda,imports_to_gdp,1988,17.6032877602188
RWA,Rwanda,imports_to_gdp,1987,19.1412286564473
RWA,Rwanda,imports_to_gdp,1986,20.1545168118909
RWA,Rwanda,imports_to_gdp,1985,19.887388655224
RWA,Rwanda,imports_to_gdp,1984,19.6642593372558
RWA,Rwanda,imports_to_gdp,1983,20.7589898787869
RWA,Rwanda,imports_to_gdp,1982,24.1504908259515
RWA,Rwanda,imports_to_gdp,1981,21.7547298740601
RWA,Rwanda,imports_to_gdp,1980,26.3820728822375
RWA,Rwanda,imports_to_gdp,1979,22.7513781938177
RWA,Rwanda,imports_to_gdp,1978,23.8001198213307
RWA,Rwanda,imports_to_gdp,1977,17.6601997855759
RWA,Rwanda,imports_to_gdp,1976,19.3955073032401
RWA,Rwanda,imports_to_gdp,1975,17.6994467324332
RWA,Rwanda,imports_to_gdp,1974,21.3389179913397
RWA,Rwanda,imports_to_gdp,1973,13.4426235017469
RWA,Rwanda,imports_to_gdp,1972,16.2555067402822
RWA,Rwanda,imports_to_gdp,1971,16.8690965698443
RWA,Rwanda,imports_to_gdp,1970,15.2341974015226
RWA,Rwanda,imports_to_gdp,1969,14.3561174818424
RWA,Rwanda,imports_to_gdp,1968,15.139371820507
RWA,Rwanda,imports_to_gdp,1967,15.4130096676224
RWA,Rwanda,imports_to_gdp,1966,19.9981672171593
RWA,Rwanda,imports_to_gdp,1965,16.9354861472428
RWA,Rwanda,imports_to_gdp,1964,12.6153851976332
RWA,Rwanda,imports_to_gdp,1963,12.6562515625
RWA,Rwanda,imports_to_gdp,1962,12.7999991808001
RWA,Rwanda,imports_to_gdp,1961,9.83606428379485
RWA,Rwanda,imports_to_gdp,1960,10.0840315796911
RWA,Rwanda,fdi_pct_gdp,2025,
RWA,Rwanda,fdi_pct_gdp,2024,4.02009319742237
RWA,Rwanda,fdi_pct_gdp,2023,3.19322395833009
RWA,Rwanda,fdi_pct_gdp,2022,2.29121488787355
RWA,Rwanda,fdi_pct_gdp,2021,2.10659286861252
RWA,Rwanda,fdi_pct_gdp,2020,1.49998346928248
RWA,Rwanda,fdi_pct_gdp,2019,2.54289979218123
RWA,Rwanda,fdi_pct_gdp,2018,3.79950138241727
RWA,Rwanda,fdi_pct_gdp,2017,2.96153582649288
RWA,Rwanda,fdi_pct_gdp,2016,3.21723490346275
RWA,Rwanda,fdi_pct_gdp,2015,1.89710171173713
RWA,Rwanda,fdi_pct_gdp,2014,3.81112336248267
RWA,Rwanda,fdi_pct_gdp,2013,2.98932057367113
RWA,Rwanda,fdi_pct_gdp,2012,3.52219420805752
RWA,Rwanda,fdi_pct_gdp,2011,1.62859755954292
RWA,Rwanda,fdi_pct_gdp,2010,3.52981463633808
RWA,Rwanda,fdi_pct_gdp,2009,2.0912940636988
RWA,Rwanda,fdi_pct_gdp,2008,1.97476605952382
RWA,Rwanda,fdi_pct_gdp,2007,2.02144725253631
RWA,Rwanda,fdi_pct_gdp,2006,0.923071050017332
RWA,Rwanda,fdi_pct_gdp,2005,0.271318643761601
RWA,Rwanda,fdi_pct_gdp,2004,0.324006427230548
RWA,Rwanda,fdi_pct_gdp,2003,0.219807223769547
RWA,Rwanda,fdi_pct_gdp,2002,0.0762969152415173
RWA,Rwanda,fdi_pct_gdp,2001,0.940709512317624
RWA,Rwanda,fdi_pct_gdp,2000,0.391524366669991
RWA,Rwanda,fdi_pct_gdp,1999,0.0806635452643209
RWA,Rwanda,fdi_pct_gdp,1998,0.356901652992421
RWA,Rwanda,fdi_pct_gdp,1997,0.139882181600427
RWA,Rwanda,fdi_pct_gdp,1996,0.160597843045858
RWA,Rwanda,fdi_pct_gdp,1995,0.154615043337175
RWA,Rwanda,fdi_pct_gdp,1994,0.000132689986736822
RWA,Rwanda,fdi_pct_gdp,1993,0.296217288211986
RWA,Rwanda,fdi_pct_gdp,1992,0.271065890409571
RWA,Rwanda,fdi_pct_gdp,1991,0.239589842694689
RWA,Rwanda,fdi_pct_gdp,1990,0.300370285302525
RWA,Rwanda,fdi_pct_gdp,1989,0.646147771954267
RWA,Rwanda,fdi_pct_gdp,1988,0.87873363655644
RWA,Rwanda,fdi_pct_gdp,1987,0.813466870296035
RWA,Rwanda,fdi_pct_gdp,1986,0.903990503358689
RWA,Rwanda,fdi_pct_gdp,1985,0.852166910665912
RWA,Rwanda,fdi_pct_gdp,1984,0.949343315400934
RWA,Rwanda,fdi_pct_gdp,1983,0.751509980763861
RWA,Rwanda,fdi_pct_gdp,1982,1.47096115252451
RWA,Rwanda,fdi_pct_gdp,1981,1.28139294843765
RWA,Rwanda,fdi_pct_gdp,1980,1.30861090363408
RWA,Rwanda,fdi_pct_gdp,1979,1.1330999089712
RWA,Rwanda,fdi_pct_gdp,1978,0.517826322169862
RWA,Rwanda,fdi_pct_gdp,1977,0.662960682491173
RWA,Rwanda,fdi_pct_gdp,1976,0.918849799382813
RWA,Rwanda,fdi_pct_gdp,1975,0.524600713053996
RWA,Rwanda,fdi_pct_gdp,1974,0.713224160744901
RWA,Rwanda,fdi_pct_gdp,1973,0.687885274093659
RWA,Rwanda,fdi_pct_gdp,1972,0.202874456488968
RWA,Rwanda,fdi_pct_gdp,1971,0.762494238191529
RWA,Rwanda,fdi_pct_gdp,1970,0.0272851288598873
RWA,Rwanda,fdi_pct_gdp,1969,
RWA,Rwanda,fdi_pct_gdp,1968,
RWA,Rwanda,fdi_pct_gdp,1967,
RWA,Rwanda,fdi_pct_gdp,1966,
RWA,Rwanda,fdi_pct_gdp,1965,
RWA,Rwanda,fdi_pct_gdp,1964,
RWA,Rwanda,fdi_pct_gdp,1963,
RWA,Rwanda,fdi_pct_gdp,1962,
RWA,Rwanda,fdi_pct_gdp,1961,
RWA,Rwanda,fdi_pct_gdp,1960,
RWA,Rwanda,real_interest_rate,2025,
RWA,Rwanda,real_interest_rate,2024,11.810274731558
RWA,Rwanda,real_interest_rate,2023,3.67012650683346
RWA,Rwanda,real_interest_rate,2022,0.495362461056007
RWA,Rwanda,real_interest_rate,2021,12.8518758011187
RWA,Rwanda,real_interest_rate,2020,9.02726772141586
RWA,Rwanda,real_interest_rate,2019,13.717350611345
RWA,Rwanda,real_interest_rate,2018,17.656522610566
RWA,Rwanda,real_interest_rate,2017,8.32839190737932
RWA,Rwanda,real_interest_rate,2016,11.6743123556092
RWA,Rwanda,real_interest_rate,2015,16.7659340409904
RWA,Rwanda,real_interest_rate,2014,11.9607651018482
RWA,Rwanda,real_interest_rate,2013,14.2462823994154
RWA,Rwanda,real_interest_rate,2012,11.4386055799393
RWA,Rwanda,real_interest_rate,2011,8.84027616090931
RWA,Rwanda,real_interest_rate,2010,13.3869922357649
RWA,Rwanda,real_interest_rate,2009,8.93689763112296
RWA,Rwanda,real_interest_rate,2008,1.57061665663766
RWA,Rwanda,real_interest_rate,2007,2.71226575600119
RWA,Rwanda,real_interest_rate,2006,13.0821982389837
RWA,Rwanda,real_interest_rate,2005,6.18940676674985
RWA,Rwanda,real_interest_rate,2004,4.40397445771242
RWA,Rwanda,real_interest_rate,2003,-3.62974030697583
RWA,Rwanda,real_interest_rate,2002,22.6248575445037
RWA,Rwanda,real_interest_rate,2001,16.8127610440375
RWA,Rwanda,real_interest_rate,2000,12.7898510202833
RWA,Rwanda,real_interest_rate,1999,4.6941833204236
RWA,Rwanda,real_interest_rate,1998,13.1944668235964
RWA,Rwanda,real_interest_rate,1997,0.945756224616623
RWA,Rwanda,real_interest_rate,1996,6.61226466659159
RWA,Rwanda,real_interest_rate,1995,
RWA,Rwanda,real_interest_rate,1994,
RWA,Rwanda,real_interest_rate,1993,
RWA,Rwanda,real_interest_rate,1992,
RWA,Rwanda,real_interest_rate,1991,
RWA,Rwanda,real_interest_rate,1990,
RWA,Rwanda,real_interest_rate,1989,
RWA,Rwanda,real_interest_rate,1988,
RWA,Rwanda,real_interest_rate,1987,
RWA,Rwanda,real_interest_rate,1986,
RWA,Rwanda,real_interest_rate,1985,
RWA,Rwanda,real_interest_rate,1984,
RWA,Rwanda,real_interest_rate,1983,
RWA,Rwanda,real_interest_rate,1982,
RWA,Rwanda,real_interest_rate,1981,
RWA,Rwanda,real_interest_rate,1980,
RWA,Rwanda,real_interest_rate,1979,
RWA,Rwanda,real_interest_rate,1978,
RWA,Rwanda,real_interest_rate,1977,
RWA,Rwanda,real_interest_rate,1976,
RWA,Rwanda,real_interest_rate,1975,
RWA,Rwanda,real_interest_rate,1974,
RWA,Rwanda,real_interest_rate,1973,
RWA,Rwanda,real_interest_rate,1972,
RWA,Rwanda,real_interest_rate,1971,
RWA,Rwanda,real_interest_rate,1970,
RWA,Rwanda,real_interest_rate,1969,
RWA,Rwanda,real_interest_rate,1968,
RWA,Rwanda,real_interest_rate,1967,
RWA,Rwanda,real_interest_rate,1966,
RWA,Rwanda,real_interest_rate,1965,
RWA,Rwanda,real_interest_rate,1964,
RWA,Rwanda,real_interest_rate,1963,
RWA,Rwanda,real_interest_rate,1962,
RWA,Rwanda,real_interest_rate,1961,
RWA,Rwanda,real_interest_rate,1960,
RWA,Rwanda,unemployment,2025,11.363
RWA,Rwanda,unemployment,2024,11.331
RWA,Rwanda,unemployment,2023,12.352
RWA,Rwanda,unemployment,2022,15.084
RWA,Rwanda,unemployment,2021,15.775
RWA,Rwanda,unemployment,2020,11.829
RWA,Rwanda,unemployment,2019,11.236
RWA,Rwanda,unemployment,2018,10.759
RWA,Rwanda,unemployment,2017,11.875
RWA,Rwanda,unemployment,2016,11.788
RWA,Rwanda,unemployment,2015,11.831
RWA,Rwanda,unemployment,2014,11.837
RWA,Rwanda,unemployment,2013,11.768
RWA,Rwanda,unemployment,2012,11.671
RWA,Rwanda,unemployment,2011,11.756
RWA,Rwanda,unemployment,2010,11.637
RWA,Rwanda,unemployment,2009,11.625
RWA,Rwanda,unemployment,2008,11.517
RWA,Rwanda,unemployment,2007,11.58
RWA,Rwanda,unemployment,2006,11.586
RWA,Rwanda,unemployment,2005,11.842
RWA,Rwanda,unemployment,2004,11.699
RWA,Rwanda,unemployment,2003,11.658
RWA,Rwanda,unemployment,2002,11.432
RWA,Rwanda,unemployment,2001,11.732
RWA,Rwanda,unemployment,2000,11.699
RWA,Rwanda,unemployment,1999,11.569
RWA,Rwanda,unemployment,1998,11.255
RWA,Rwanda,unemployment,1997,11.087
RWA,Rwanda,unemployment,1996,11.507
RWA,Rwanda,unemployment,1995,11.938
RWA,Rwanda,unemployment,1994,12.236
RWA,Rwanda,unemployment,1993,12.155
RWA,Rwanda,unemployment,1992,12.114
RWA,Rwanda,unemployment,1991,12.335
RWA,Rwanda,unemployment,1990,
RWA,Rwanda,unemployment,1989,
RWA,Rwanda,unemployment,1988,
RWA,Rwanda,unemployment,1987,
RWA,Rwanda,unemployment,1986,
RWA,Rwanda,unemployment,1985,
RWA,Rwanda,unemployment,1984,
RWA,Rwanda,unemployment,1983,
RWA,Rwanda,unemployment,1982,
RWA,Rwanda,unemployment,1981,
RWA,Rwanda,unemployment,1980,
RWA,Rwanda,unemployment,1979,
RWA,Rwanda,unemployment,1978,
RWA,Rwanda,unemployment,1977,
RWA,Rwanda,unemployment,1976,
RWA,Rwanda,unemployment,1975,
RWA,Rwanda,unemployment,1974,
RWA,Rwanda,unemployment,1973,
RWA,Rwanda,unemployment,1972,
RWA,Rwanda,unemployment,1971,
RWA,Rwanda,unemployment,1970,
RWA,Rwanda,unemployment,1969,
RWA,Rwanda,unemployment,1968,
RWA,Rwanda,unemployment,1967,
RWA,Rwanda,unemployment,1966,
RWA,Rwanda,unemployment,1965,
RWA,Rwanda,unemployment,1964,
RWA,Rwanda,unemployment,1963,
RWA,Rwanda,unemployment,1962,
RWA,Rwanda,unemployment,1961,
RWA,Rwanda,unemployment,1960,
RWA,Rwanda,industry_value_added,2025,
RWA,Rwanda,industry_value_added,2024,20.9658580178961
RWA,Rwanda,industry_value_added,2023,20.703253350416
RWA,Rwanda,industry_value_added,2022,21.2695312277805
RWA,Rwanda,industry_value_added,2021,20.4522932693169
RWA,Rwanda,industry_value_added,2020,18.6382750394843
RWA,Rwanda,industry_value_added,2019,18.8647459714312
RWA,Rwanda,industry_value_added,2018,17.3499797528636
RWA,Rwanda,industry_value_added,2017,17.2842232487373
RWA,Rwanda,industry_value_added,2016,16.8369912939315
RWA,Rwanda,industry_value_added,2015,17.4466631881327
RWA,Rwanda,industry_value_added,2014,17.5513834863908
RWA,Rwanda,industry_value_added,2013,17.6168559784511
RWA,Rwanda,industry_value_added,2012,18.2255034210874
RWA,Rwanda,industry_value_added,2011,18.1678448507507
RWA,Rwanda,industry_value_added,2010,16.328981915635
RWA,Rwanda,industry_value_added,2009,15.6885811871245
RWA,Rwanda,industry_value_added,2008,16.2638385339331
RWA,Rwanda,industry_value_added,2007,16.7334821839077
RWA,Rwanda,industry_value_added,2006,15.8329921631119
RWA,Rwanda,industry_value_added,2005,14.9498202744611
RWA,Rwanda,industry_value_added,2004,14.5850139685545
RWA,Rwanda,industry_value_added,2003,14.2873220806925
RWA,Rwanda,industry_value_added,2002,16.3918384200183
RWA,Rwanda,industry_value_added,2001,16.4383277981487
RWA,Rwanda,industry_value_added,2000,16.8199894205861
RWA,Rwanda,industry_value_added,1999,18.3717229844475
RWA,Rwanda,industry_value_added,1998,18.7027196430495
RWA,Rwanda,industry_value_added,1997,18.6100661259461
RWA,Rwanda,industry_value_added,1996,18.0858143118481
RWA,Rwanda,industry_value_added,1995,15.9711867322468
RWA,Rwanda,industry_value_added,1994,21.1700845491247
RWA,Rwanda,industry_value_added,1993,18.334828557838
RWA,Rwanda,industry_value_added,1992,18.7034381651184
RWA,Rwanda,industry_value_added,1991,20.9400496617364
RWA,Rwanda,industry_value_added,1990,24.6241717549968
RWA,Rwanda,industry_value_added,1989,17.4201505886413
RWA,Rwanda,industry_value_added,1988,17.1368429327225
RWA,Rwanda,industry_value_added,1987,17.8314302696362
RWA,Rwanda,industry_value_added,1986,23.0839099816418
RWA,Rwanda,industry_value_added,1985,22.6858091005773
RWA,Rwanda,industry_value_added,1984,23.2381802163247
RWA,Rwanda,industry_value_added,1983,24.0838595993023
RWA,Rwanda,industry_value_added,1982,21.7342971626519
RWA,Rwanda,industry_value_added,1981,20.7925640149426
RWA,Rwanda,industry_value_added,1980,21.5482921438959
RWA,Rwanda,industry_value_added,1979,18.7376516845684
RWA,Rwanda,industry_value_added,1978,22.1221446962049
RWA,Rwanda,industry_value_added,1977,21.2061991459556
RWA,Rwanda,industry_value_added,1976,18.8944573444233
RWA,Rwanda,industry_value_added,1975,18.969111671931
RWA,Rwanda,industry_value_added,1974,9.20502043906797
RWA,Rwanda,industry_value_added,1973,8.72950855448805
RWA,Rwanda,industry_value_added,1972,9.42731310757051
RWA,Rwanda,industry_value_added,1971,8.68196146976089
RWA,Rwanda,industry_value_added,1970,8.59481559086451
RWA,Rwanda,industry_value_added,1969,9.38632566351855
RWA,Rwanda,industry_value_added,1968,9.49477310739886
RWA,Rwanda,industry_value_added,1967,9.74680261066403
RWA,Rwanda,industry_value_added,1966,6.77037323516641
RWA,Rwanda,industry_value_added,1965,6.85349285665227
RWA,Rwanda,industry_value_added,1964,
RWA,Rwanda,industry_value_added,1963,
RWA,Rwanda,industry_value_added,1962,
RWA,Rwanda,industry_value_added,1961,
RWA,Rwanda,industry_value_added,1960,
RWA,Rwanda,electricity_access,2025,
RWA,Rwanda,electricity_access,2024,
RWA,Rwanda,electricity_access,2023,63.9
RWA,Rwanda,electricity_access,2022,50.6
RWA,Rwanda,electricity_access,2021,48.7
RWA,Rwanda,electricity_access,2020,45.2
RWA,Rwanda,electricity_access,2019,46.6
RWA,Rwanda,electricity_access,2018,38.0
RWA,Rwanda,electricity_access,2017,34.1
RWA,Rwanda,electricity_access,2016,29.4
RWA,Rwanda,electricity_access,2015,22.8
RWA,Rwanda,electricity_access,2014,19.8
RWA,Rwanda,electricity_access,2013,15.2
RWA,Rwanda,electricity_access,2012,17.5
RWA,Rwanda,electricity_access,2011,10.8
RWA,Rwanda,electricity_access,2010,9.7
RWA,Rwanda,electricity_access,2009,15.6
RWA,Rwanda,electricity_access,2008,6.0
RWA,Rwanda,electricity_access,2007,12.8
RWA,Rwanda,electricity_access,2006,11.4
RWA,Rwanda,electricity_access,2005,4.8
RWA,Rwanda,electricity_access,2004,8.7
RWA,Rwanda,electricity_access,2003,7.4
RWA,Rwanda,electricity_access,2002,6.0
RWA,Rwanda,electricity_access,2001,4.7
RWA,Rwanda,electricity_access,2000,6.2
RWA,Rwanda,electricity_access,1999,3.31557703018188
RWA,Rwanda,electricity_access,1998,2.17412757873535
RWA,Rwanda,electricity_access,1997,1.02783596515656
RWA,Rwanda,electricity_access,1996,
RWA,Rwanda,electricity_access,1995,
RWA,Rwanda,electricity_access,1994,
RWA,Rwanda,electricity_access,1993,
RWA,Rwanda,electricity_access,1992,2.3
RWA,Rwanda,electricity_access,1991,
RWA,Rwanda,electricity_access,1990,
RWA,Rwanda,electricity_access,1989,
RWA,Rwanda,electricity_access,1988,
RWA,Rwanda,electricity_access,1987,
RWA,Rwanda,electricity_access,1986,
RWA,Rwanda,electricity_access,1985,
RWA,Rwanda,electricity_access,1984,
RWA,Rwanda,electricity_access,1983,
RWA,Rwanda,electricity_access,1982,
RWA,Rwanda,electricity_access,1981,
RWA,Rwanda,electricity_access,1980,
RWA,Rwanda,electricity_access,1979,
RWA,Rwanda,electricity_access,1978,
RWA,Rwanda,electricity_access,1977,
RWA,Rwanda,electricity_access,1976,
RWA,Rwanda,electricity_access,1975,
RWA,Rwanda,electricity_access,1974,
RWA,Rwanda,electricity_access,1973,
RWA,Rwanda,electricity_access,1972,
RWA,Rwanda,electricity_access,1971,
RWA,Rwanda,electricity_access,1970,
RWA,Rwanda,electricity_access,1969,
RWA,Rwanda,electricity_access,1968,
RWA,Rwanda,electricity_access,1967,
RWA,Rwanda,electricity_access,1966,
RWA,Rwanda,electricity_access,1965,
RWA,Rwanda,electricity_access,1964,
RWA,Rwanda,electricity_access,1963,
RWA,Rwanda,electricity_access,1962,
RWA,Rwanda,electricity_access,1961,
RWA,Rwanda,electricity_access,1960,
